v_prod_code,fic_mis_date,v_prod_name,v_prod_type,v_prod_group_desc,f_prod_rate_sensitivity,v_common_coa_code,v_prod_type_desc
18514800-0730,30/4/2024,18514800-0730 Sundry Creditors - ZESA,Other Liabilities,FIX TO 99 YEAR BUCKET,Y,18514800,Trade creditors
18514850-0000,30/4/2024,18514850-0000 Sundry Crs - ZimTrade,Other Liabilities,FIX TO 99 YEAR BUCKET,0,18514850,Trade creditors
18514870-0000,30/4/2024,18514870-0000 Sun Crs-Zim WomMicrofiBnk,Trade creditors,FIX TO DAY 1 BUCKET,0,18514870,Trade creditors
18514900-0750,30/4/2024,18514900-0750 Sundry Creditors - Zinwa Bill Payments,Other Liabilities,FIX TO 99 YEAR BUCKET,0,18514900,Trade creditors
18514905-0635,30/4/2024,18514905-0635 Sund Dep-Credit Partners|0000,Other Liabilities,FIX TO 99 YEAR BUCKET,0,18514905,Trade creditors
18514920-4999,30/4/2024,18514920-4999 T24 AdHoc B/S Clearance,Other Liabilities,FIX TO 99 YEAR BUCKET,0,18514920,Other Liabilities
18514930-0760,30/4/2024,18514930-0760 T24 RTGS Creditors Clearance,Other Assets,FIX TO 99 YEAR BUCKET,0,18514930,Other Assets
18514950-0770,30/4/2024,18514950-0770 Teller Cash Overage/Shortage - Investigations,Other Liabilities,FIX TO 99 YEAR BUCKET,0,18514950,Trade creditors
18515000-0790,30/4/2024,18515000-0790 Tenants Deposits,Other Liabilities,FIX TO 99 YEAR BUCKET,0,18515000,Trade creditors
18515800-0810,30/4/2024,18515800-0810 Unclaimed Monies,Other Liabilities,FIX TO 99 YEAR BUCKET,0,18515800,Other Liabilities
18517500-0820,30/4/2024,18517500-0820 Unrealised Discounts on Invest,Treasury Bills ,SPREAD ACROSS BUCKETS,0,18517500,Treasury Bills
18518000-0830,30/4/2024,18518000-0830 VAT Input,Other Assets,FIX TO 99 YEAR BUCKET,0,18518000,Other Assets
18518001-0000,30/4/2024,18518001-0000 VAT Input - 14.5%,Other Liabilities,FIX TO 99 YEAR BUCKET,0,18518001,Other Liabilities
18519000-0000,30/4/2024,18519000-0000 VAT Input Capital Goods,Other Liabilities,FIX TO 99 YEAR BUCKET,0,18519000,Other Liabilities
18519001-0000,30/4/2024,18519001-0000 VAT Input Capital Goods - 14.5%,Other Liabilities,FIX TO 99 YEAR BUCKET,0,18519001,Other Liabilities
18513000-0530,30/4/2024,18513000-0530 Sundry Creditors - Investigations,Other Liabilities,FIX TO 99 YEAR BUCKET,0,18513000,Trade creditors
18513350-0000,30/4/2024,18513350-0000 Sundry Crs-Madzidza Bill ,Other Liabilities,FIX TO 99 YEAR BUCKET,0,18513350,Trade creditors
18513380-0640,30/4/2024,18513380-0640 Sundry Creditors - MasterCard,Other Assets,FIX TO DAY 1 BUCKET,0,18513380,Other Assets
18513390-0540,30/4/2024,18513390-0540 Sun Crs-MasCrs Nostro FCA,Other Liabilities,FIX TO DAY 1 BUCKET,0,18513390,Other Liabilities
18513400-0550,30/4/2024,18513400-0550 Sundry Creditors - MBCA,Trade creditors,FIX TO DAY 1 BUCKET,0,18513400,Trade creditors
18513500-0525,30/4/2024,18513500-0525 Sund Cred-Money Market Collect,Other Liabilities,FIX TO 99 YEAR BUCKET,0,18513500,Trade creditors
18513550-0560,30/4/2024,18513550-0560 Sundry Creditors - NBS,Trade creditors,FIX TO DAY 1 BUCKET,0,18513550,Trade creditors
18513570-0570,30/4/2024,18513570-0570 Sundry Creditors - Netone Mobile,Other Liabilities,FIX TO 99 YEAR BUCKET,0,18513570,Trade creditors
18513600-0590,30/4/2024,18513600-0590 Sundry Creditors - Netone Vouchers,Other Liabilities,FIX TO 99 YEAR BUCKET,0,18513600,Trade creditors
18513650-0000,30/4/2024,18513650-0000 Sundry Crs-OM Unit Trusts,Other Liabilities,FIX TO 99 YEAR BUCKET,0,18513650,Trade creditors
18513680-0000,30/4/2024,18513680-0000 Sundry Crs-OMLAC Bill Pmt,Other Liabilities,FIX TO 99 YEAR BUCKET,0,18513680,Trade creditors
18514520-0000,30/4/2024,18514520-0000 Sundry Crs-School Fee Bil,Other Liabilities,FIX TO 99 YEAR BUCKET,0,18514520,Trade creditors
18514530-0610,30/4/2024,18514530-0610 Sundry Creditors - Stanchart,Trade creditors,FIX TO DAY 1 BUCKET,0,18514530,Trade creditors
18514570-0645,30/4/2024,18514570-0645 Sundry Creditors - Success Microfinance Bank,Trade creditors,FIX TO DAY 1 BUCKET,0,18514570,Trade creditors
18514580-0552,30/4/2024,18514580-0552 Sundry Creditors - Swipe to Ec,Trade creditors,FIX TO DAY 1 BUCKET,0,18514580,Trade creditors
18514580-0000,30/4/2024,18514580-0000 Sundry Creditors - Swipe to Ecocash,Trade creditors,FIX TO DAY 1 BUCKET,0,18514580,Trade creditors
18514600-0630,30/4/2024,18514600-0630 Sundry Creditors - Telecel Mobile,Other Liabilities,FIX TO 99 YEAR BUCKET,0,18514600,Trade creditors
18514650-0650,30/4/2024,18514650-0650 Sundry Creditors - Telecel Vouchers,Other Liabilities,FIX TO 99 YEAR BUCKET,0,18514650,Trade creditors
18514700-0670,30/4/2024,18514700-0670 Sundry Creditors - TelOne,Other Liabilities,FIX TO 99 YEAR BUCKET,0,18514700,Trade creditors
18514720-0000,30/4/2024,18514720-0000 Sundry Crs-Textasure Bill,Other Liabilities,FIX TO 99 YEAR BUCKET,0,18514720,Trade creditors
18514730-0690,30/4/2024,18514730-0690 Sundry Creditors - Utande Bill Payments,Other Liabilities,FIX TO 99 YEAR BUCKET,0,18514730,Trade creditors
18514750-0710,30/4/2024,18514750-0710 Sundry Creditors - Utande Vouchers,Other Liabilities,FIX TO 99 YEAR BUCKET,0,18514750,Trade creditors
18514770-0000,30/4/2024,18514770-0000 Sundry Crs-VBINU Vouchers,Other Liabilities,FIX TO 99 YEAR BUCKET,0,18514770,Trade creditors
18514790-0720,30/4/2024,18514790-0720 Sundry Creditors - VISA,Trade creditors,FIX TO DAY 1 BUCKET,0,18514790,Trade creditors
18514795-0632,30/4/2024,18514795-0632 Sun Crs-VISA Nostro FCA,Other Liabilities,FIX TO DAY 1 BUCKET,0,18514795,Other Liabilities
18520000-0870,30/4/2024,18520000-0870 VAT Liability,Other Liabilities,FIX TO 99 YEAR BUCKET,0,18520000,Other Liabilities
18530500-0349,30/4/2024,18530500-0349 ZIG Merchant POS Suspense,Other Liabilities,FIX TO 99 YEAR BUCKET,0,18530500,Other Liabilities
18801000-0890,30/4/2024,18801000-0890 Accrued Interest on Savings Certificates,Wholesale deposits,SPREAD ACROSS BUCKETS,0,18801000,Wholesale deposits
18802000-0920,30/4/2024,18802000-0920 Accr Int Transaction accounts,Ordinary transactional deposits,FIX TO DAY 1 BUCKET,0,18802000,Ordinary transactional deposits
18802000-0910,30/4/2024,18802000-0910 Accr Int Savings accounts,Ordinary savings deposits,FIX TO 30 DAY BUCKET,0,18802000,Ordinary transactional deposits
18802500-0895,30/4/2024,18802500-0895 Accrued Interest on Terms Deposits,Term deposits,SPREAD ACROSS BUCKETS,0,18802500,Term deposits
18802800-0000,30/4/2024,18802800-0000 Accrued Int on Trans Acc,Ordinary transactional deposits,FIX TO DAY 1 BUCKET,0,18802800,Ordinary transactional deposits
18803000-0930,30/4/2024,18803000-0930 Call Deposit Takings,Wholesale deposits,SPREAD ACROSS BUCKETS,0,18803000,Wholesale deposits
18803800-1040,30/4/2024,18803800-1040 Nostro FCA-Transact Accs,Deposits – Retail and Corporate,FIX TO DAY 1 BUCKET,0,18803800,Nostro Transactional Accounts
18803850-1050,30/4/2024,18803850-1050 Nostro Scheme Accounts,Deposits – Retail and Corporate,FIX TO DAY 1 BUCKET,0,18803850,Nostro Transactional Accounts
18804000-0950,30/4/2024,18804000-0950 Savings Certificates,Wholesale deposits,SPREAD ACROSS BUCKETS,0,18804000,Wholesale deposits
18805000-1010,30/4/2024,18805000-1010 Savings Control,Ordinary savings deposits,FIX TO 30 DAY BUCKET,0,18805000,Ordinary transactional deposits
18805100-0000,30/4/2024,18805100-0000 Savings Control-Mashonal,Ordinary transactional deposits,FIX TO DAY 1 BUCKET,0,18805100,Ordinary transactional deposits
18805300-0000,30/4/2024,18805300-0000 Savings Control-Matabele,Ordinary transactional deposits,FIX TO DAY 1 BUCKET,0,18805300,Ordinary transactional deposits
18805400-0000,30/4/2024,18805400-0000 Savings Contrl-Manicaland,Ordinary transactional deposits,FIX TO DAY 1 BUCKET,0,18805400,Ordinary transactional deposits
18805500-0000,30/4/2024,18805500-0000 Savings Control-Midlands,Ordinary transactional deposits,FIX TO DAY 1 BUCKET,0,18805500,Ordinary transactional deposits
18805700-0000,30/4/2024,18805700-0000 Savings Control-Masvingo,Ordinary transactional deposits,FIX TO DAY 1 BUCKET,0,18805700,Ordinary transactional deposits
18806000-1070,30/4/2024,18806000-1070 Term Deposit Control,Term deposits,SPREAD ACROSS BUCKETS,0,18806000,Term deposits
18809000-1030,30/4/2024,18809000-1030 Transactional Acc Control,Ordinary transactional deposits,FIX TO DAY 1 BUCKET,0,18809000,Ordinary transactional deposits
18809050-0000,30/4/2024,18809050-0000 Trns Acc Control-Mashonaland,Ordinary transactional deposits,FIX TO DAY 1 BUCKET,0,18809050,Ordinary transactional deposits
18809100-1042,30/4/2024,18809100-1042 ZiG Corporate Accounts,Ordinary savings deposits,FIX TO 30 DAY BUCKET,0,18809100,Zig Bank balance
18809150-0000,30/4/2024,18809150-0000 Trns Acc Control-Matabeleland,Ordinary savings deposits,FIX TO 30 DAY BUCKET,0,18809150,Ordinary transactional deposits
18809200-0000,30/4/2024,18809200-0000 Trns Acc Control-Midlands,Ordinary savings deposits,FIX TO 30 DAY BUCKET,0,18809200,Ordinary transactional deposits
18809400-1044,30/4/2024,18809400-1044 ZiG Individual Accounts,Ordinary savings deposits,FIX TO 30 DAY BUCKET,0,18809400,Zig Bank balance
19000020-1455,30/4/2024,19000020-1455 AFC NOSTRO SUNDRY CREDIT,Other Liabilities,FIX TO DAY 1 BUCKET,0,19000020,Other Liabilities
19000030-1456,30/4/2024,19000030-1456 AFRICENTURY NOSTRO SUNDRY CRED,Other Liabilities,FIX TO DAY 1 BUCKET,0,19000030,Other Liabilities
19000040-1457,30/4/2024,19000040-1457 BancABC NOSTRO SUNDRY CREDIT,Other Liabilities,FIX TO DAY 1 BUCKET,0,19000040,Other Liabilities
19000050-1458,30/4/2024,19000050-1458 CBZ Bank NOSTRO SUNDRY CREDIT,Other Liabilities,FIX TO DAY 1 BUCKET,0,19000050,Other Liabilities
19000060-1459,30/4/2024,19000060-1459 ECOBANK NOSTRO SUNDRY CREDIT,Other Liabilities,FIX TO DAY 1 BUCKET,0,19000060,Other Liabilities
19000070-1460,30/4/2024,19000070-1460 ECOCASH NOSTRO SUNDRY CREDIT,Other Liabilities,FIX TO DAY 1 BUCKET,0,19000070,Other Liabilities
19000080-1461,30/4/2024,19000080-1461 Empowerbank NOSTRO SUNDRY CRED,Other Liabilities,FIX TO DAY 1 BUCKET,0,19000080,Other Liabilities
19000090-1462,30/4/2024,19000090-1462 FBC Building Society NOSTRO SU,Trade creditors,FIX TO DAY 1 BUCKET,0,19000090,Trade creditors
19000100-1463,30/4/2024,19000100-1463 FBC NOSTRO SUNDRY CREDIT,Other Liabilities,FIX TO DAY 1 BUCKET,0,19000100,Other Liabilities
19000110-1464,30/4/2024,19000110-1464 FCB NOSTRO SUNDRY CREDIT,Other Liabilities,FIX TO DAY 1 BUCKET,0,19000110,Other Liabilities
19000120-1465,30/4/2024,19000120-1465 GETBUCKS NOSTRO SUNDRY CREDIT,Other Liabilities,FIX TO DAY 1 BUCKET,0,19000120,Other Liabilities
19000130-1466,30/4/2024,19000130-1466 Metbank NOSTRO SUNDRY CREDIT,Other Liabilities,FIX TO DAY 1 BUCKET,0,19000130,Other Liabilities
19000140-1467,30/4/2024,19000140-1467 NatBuild Soc NOSTRO SUNDRY CRE,Other Liabilities,FIX TO DAY 1 BUCKET,0,19000140,Other Liabilities
19000150-1468,30/4/2024,19000150-1468 Nedbank NOSTRO SUNDRY CREDIT,Other Liabilities,FIX TO DAY 1 BUCKET,0,19000150,Other Liabilities
19000160-1469,30/4/2024,19000160-1469 NMB Bank NOSTRO SUNDRY CREDIT,Other Liabilities,FIX TO DAY 1 BUCKET,0,19000160,Other Liabilities
19000170-1471,30/4/2024,19000170-1471 Omari NOSTRO SUNDRY CREDIT,Other Liabilities,FIX TO DAY 1 BUCKET,0,19000170,Other Liabilities
19000180-1472,30/4/2024,19000180-1472 ONE WALLET FBC NOSTRO SUNDRY C,Other Liabilities,FIX TO DAY 1 BUCKET,0,19000180,Other Liabilities
19000190-1473,30/4/2024,19000190-1473 POSB NOSTRO SUNDRY CREDIT,Other Liabilities,FIX TO DAY 1 BUCKET,0,19000190,Other Liabilities
19000200-1085,30/4/2024,19000200-1085 POS Sundry Creditor-African Century,Trade creditors,FIX TO DAY 1 BUCKET,0,19000200,Trade creditors
19000300-1090,30/4/2024,19000300-1090 POS Sundry Creditor-Agribank,Trade creditors,FIX TO DAY 1 BUCKET,0,19000300,Trade creditors
19000400-1110,30/4/2024,19000400-1110 POS Sundry Creditor-BANCABC,Trade creditors,FIX TO DAY 1 BUCKET,0,19000400,Trade creditors
19000600-1130,30/4/2024,19000600-1130 POS Sundry Creditor-Barclays,Trade creditors,FIX TO DAY 1 BUCKET,0,19000600,Trade creditors
19001000-1150,30/4/2024,19001000-1150 POS Sundry Creditor-CBZ Bank,Trade creditors,FIX TO DAY 1 BUCKET,0,19001000,Trade creditors
19002500-1160,30/4/2024,19002500-1160 POS Sundry Crs-Ecocash,Trade creditors,FIX TO DAY 1 BUCKET,0,19002500,Trade creditors
19003000-1080,30/4/2024,19003000-1080 POS Sundry Creditor-FBC BS,Trade creditors,FIX TO DAY 1 BUCKET,0,19003000,Trade creditors
19004000-1170,30/4/2024,19004000-1170 POS Sundry Creditor-First Bank,Trade creditors,FIX TO DAY 1 BUCKET,0,19004000,Trade creditors
19004500-1180,30/4/2024,19004500-1180 POS Sun Cred-Get Bucks|0000,Trade creditors,FIX TO DAY 1 BUCKET,0,19004500,Trade creditors
19005000-1190,30/4/2024,19005000-1190 POS Sundry Creditor-Interfin Bank,Trade creditors,FIX TO DAY 1 BUCKET,0,19005000,Trade creditors
19006500-1230,30/4/2024,19006500-1230 POS Sundry Creditor-Medix Pharmacy,Other Liabilities,FIX TO 99 YEAR BUCKET,0,19006500,Trade creditors
19006700-1250,30/4/2024,19006700-1250 POS Sundry Creditor-MET Bank,Trade creditors,FIX TO DAY 1 BUCKET,0,19006700,Trade creditors
19007000-1270,30/4/2024,19007000-1270 POS Sundry Creditor-NMB Bank,Trade creditors,FIX TO DAY 1 BUCKET,0,19007000,Trade creditors
19008500-1310,30/4/2024,19008500-1310 POS Sundry Creditor-POSB,Trade creditors,FIX TO DAY 1 BUCKET,0,19008500,Trade creditors
19009500-1350,30/4/2024,19009500-1350 POS Sundry Creditor-Stanbic,Trade creditors,FIX TO DAY 1 BUCKET,0,19009500,Trade creditors
19009550-1360,30/4/2024,19009550-1360 POS Sundry Cred-Steward Bank,Trade creditors,FIX TO DAY 1 BUCKET,0,19009550,Trade creditors
19012000-1430,30/4/2024,19012000-1430 POS Sundry Creditor-ZB Bank,Trade creditors,FIX TO DAY 1 BUCKET,0,19012000,Trade creditors
19013000-1440,30/4/2024,19013000-1440 POS Sundry Creditor-Ecobank,Trade creditors,FIX TO DAY 1 BUCKET,0,19013000,Trade creditors
19015000-1474,30/4/2024,19015000-1474 STANBIC NOSTRO SUNDRY CREDIT,Other Liabilities,FIX TO DAY 1 BUCKET,0,19015000,Other Liabilities
19016000-0700,30/4/2024,19016000-0700 Steward Nostro Sundry Creditor,Trade creditors,FIX TO DAY 1 BUCKET,0,19016000,Trade creditors
19016000-1475,30/4/2024,19016000-1475 STEWARD NOSTRO SUNDRY CREDIT,Other Liabilities,FIX TO DAY 1 BUCKET,0,19016000,Other Liabilities
19017000-1476,30/4/2024,19017000-1476 ZB BANK NOSTRO SUNDRY CREDIT,Other Liabilities,FIX TO DAY 1 BUCKET,0,19017000,Other Liabilities
19018000-1477,30/4/2024,19018000-1477 ZWMBANK NOSTRO SUNDRY CREDIT,Other Liabilities,FIX TO DAY 1 BUCKET,0,19018000,Other Liabilities
19019000-1478,30/4/2024,19019000-1478 Innbucks Nostro Sundry Creditr,Other Liabilities,FIX TO DAY 1 BUCKET,0,19019000,Other Liabilities
19021600-1443,30/4/2024,19021600-1443 Innbucks Sundry Creditor,Trade creditors,FIX TO DAY 1 BUCKET,0,19021600,Trade creditors
19029900-0705,30/4/2024,19029900-0705 Nostro Sund Credi StanChart,Trade creditors,FIX TO DAY 1 BUCKET,0,19029900,Trade creditors
20200500-0000,30/4/2024,20200500-0000 Buildings - Owner Occupied,Property and equipment,FIX TO 99 YEAR BUCKET,0,20200500,Property and equipment
20202000-0000,30/4/2024,20202000-0000 Computer Equipment at Cost,Property and equipment,FIX TO 99 YEAR BUCKET,0,20202000,Property and equipment
20204000-0000,30/4/2024,20204000-0000 Furniture & Equipment at Cost,Property and equipment,FIX TO 99 YEAR BUCKET,0,20204000,Property and equipment
20206000-0000,30/4/2024,20206000-0000 House Boat at Cost,Property and equipment,FIX TO 99 YEAR BUCKET,0,20206000,Property and equipment
20206500-0000,30/4/2024,20206500-0000 Land - Owner Occupied,Property and equipment,FIX TO 99 YEAR BUCKET,0,20206500,Property and equipment
20207000-1790,30/4/2024,20207000-1790 Motor Vehicles at Cost,Property and equipment,FIX TO 99 YEAR BUCKET,0,20207000,Property and equipment
20210700-1810,30/4/2024,20210700-1810 Prop in Possession Unsold,Assets Held for sale,FIX TO 99 YEAR BUCKET,0,20210700,Assets Held for sale
20210800-0000,30/4/2024,20210800-0000 Right of Use Asset - PPE Cost,Property and equipment,FIX TO 99 YEAR BUCKET,0,20210800,Property and equipment
20450500-1830,30/4/2024,20450500-1830 Bldg Owner Occup Accum Depr,Property and equipment,FIX TO 99 YEAR BUCKET,0,20450500,Property and equipment
20451000-0000,30/4/2024,20451000-0000 Computer Equipment - Acc Dep,Property and equipment,FIX TO 99 YEAR BUCKET,0,20451000,Property and equipment
20453000-0000,30/4/2024,20453000-0000 Furniture & Equipment - Acc Dep,Property and equipment,FIX TO 99 YEAR BUCKET,0,20453000,Property and equipment
20455000-0000,30/4/2024,20455000-0000 House Boat - Acc Dep,Property and equipment,FIX TO 99 YEAR BUCKET,0,20455000,Property and equipment
20456000-1895,30/4/2024,20456000-1895 Intangible Assets-Software-Acc,Intangible asset,FIX TO 99 YEAR BUCKET,0,20456000,Intangible asset
20457000-1910,30/4/2024,20457000-1910 Land and Buildings Accum Depr,Property and equipment,FIX TO 99 YEAR BUCKET,0,20457000,Property and equipment
20458000-0000,30/4/2024,20458000-0000 Motor Vehicles - Acc Dep,Property and equipment,FIX TO 99 YEAR BUCKET,0,20458000,Property and equipment
FLEXI001,30/4/2024,FLEXI001 FLEXICREDIT LOANS,CPS loans,SPREAD ACROSS BUCKETS,0,27868500,CPS loans
GTEL0001,30/4/2024,GTEL0001 GTEL LOANS,CPS loans,SPREAD ACROSS BUCKETS,0,27868500,CPS loans
SCH,30/4/2024,SCHOOLCARD LOANS,CPS loans,SPREAD ACROSS BUCKETS,0,27868500,CPS loans
SCH00001,30/4/2024,SCH00001 SCHOOLCARD LOANS,CPS loans,SPREAD ACROSS BUCKETS,0,27868500,CPS loans
TRU,30/4/2024,TRUWORTHS LOANS,CPS loans,SPREAD ACROSS BUCKETS,0,27868500,CPS loans
TRUW0001,30/4/2024,TRUW0001 TRUWORTHS LOANS,CPS loans,SPREAD ACROSS BUCKETS,0,27868500,CPS loans
27881500-2008,30/4/2024,27881500-2008 Nostro Non Payroll,CPS loans,SPREAD ACROSS BUCKETS,0,27881500,CPS loans
29257000-2130,30/4/2024,29257000-2130 Unit Trusts,Other Assets,FIX TO 99 YEAR BUCKET,0,29257000,Other Assets
30180000-0000,30/4/2024,30180000-0000 Contact Centre - Project ,Other Assets,FIX TO 99 YEAR BUCKET,0,30180000,Other Assets
20460700-0000,30/4/2024,20460700-0000 Right of Use Asset-PPE Acc Dep,Property and equipment,FIX TO 99 YEAR BUCKET,0,20460700,Property and equipment
23178500-0000,30/4/2024,23178500-0000 ECL Money Market Investments,Dealing and investment,SPREAD ACROSS BUCKETS,0,23178500,Dealing and investment
23196000-1950,30/4/2024,23196000-1950 Money at Call,Legacy debts - Money at call,FIX TO 99 YEAR BUCKET,0,23196000,Legacy debts - Money at call
23256000-1970,30/4/2024,23256000-1970 Fixed Deposit Placements,Dealing and investment,SPREAD ACROSS BUCKETS,0,23256000,Dealing and investment
23300000-1968,30/4/2024,23300000-1968 Nostro Fixed Deposit Placement,Dealing and investment,SPREAD ACROSS BUCKETS,0,23300000,Dealing and investment
23640600-0000,30/4/2024,23640600-0000 ECL Treasury Bills,Treasury Bills ,SPREAD ACROSS BUCKETS,0,23640600,Treasury Bills
23642000-1980,30/4/2024,23642000-1980 Government Securities,Other Assets,FIX TO 99 YEAR BUCKET,0,23642000,Other Assets
23643400-1965,30/4/2024,23643400-1965 Nostro Treasury Bills,Treasury Bills ,SPREAD ACROSS BUCKETS,0,23643400,Treasury Bills
23644000-1960,30/4/2024,23644000-1960 Treasury Bills (Assets),Treasury Bills ,SPREAD ACROSS BUCKETS,0,23644000,Treasury Bills
24102800-0000,30/4/2024,24102800-0000 Capitalised IFRs 9 Project,Intangible asset,FIX TO 99 YEAR BUCKET,0,24102800,Intangible asset
24103500-1990,30/4/2024,24103500-1990 Capitalised Prlm Exp Shanduko,Intangible asset,FIX TO 99 YEAR BUCKET,0,24103500,Intangible asset
24103600-0000,30/4/2024,24103600-0000 Chegutu Housing Project,Investment property,FIX TO 99 YEAR BUCKET,0,24103600,Investment property
24103700-0000,30/4/2024,24103700-0000 Corona Project,Intangible asset,FIX TO 99 YEAR BUCKET,0,24103700,Intangible asset
24104800-2000,30/4/2024,24104800-2000 Housing Projects,Inventory WIP (Housing projects),FIX TO 99 YEAR BUCKET,0,24104800,Inventory WIP
24104900-0000,30/4/2024,24104900-0000 Pumula Housing Projects,Inventory WIP (Housing projects),FIX TO 99 YEAR BUCKET,0,24104900,Inventory WIP
24105000-2005,30/4/2024,24105000-2005 Software Capitalised,Intangible asset,FIX TO 99 YEAR BUCKET,0,24105000,Intangible asset
24108000-0000,30/4/2024,24108000-0000 ZRP Housing Project,Inventory WIP (Housing projects),FIX TO 99 YEAR BUCKET,0,24108000,Inventory WIP
25031000-0000,30/4/2024,25031000-0000 Land & Buildings,Investment property,FIX TO 99 YEAR BUCKET,0,25031000,Investment property
25031500-0000,30/4/2024,25031500-0000 Land & Buildings - Owner Occupied,Property and equipment,FIX TO 99 YEAR BUCKET,0,25031500,Property and equipment
25951000-2050,30/4/2024,25951000-2050 Mortgage loans and advances,Mortgage Loans,SPREAD ACROSS BUCKETS,0,25951000,Mortgage Loans
25957000-2052,30/4/2024,25957000-2052 Mortgage Loans Nostro FCA,Loans,SPREAD ACROSS BUCKETS,0,25957000,Loans
26610300-2085,30/4/2024,26610300-2085 Authorised Overdrafts,Business loans and Overdrafts,SPREAD ACROSS BUCKETS,0,26610300,Business loans and Overdrafts
26610400-2075,30/4/2024,26610400-2075 Nostro Authorised Overdrafts,Authorised Overdrafts,SPREAD ACROSS BUCKETS,0,26610400,Authorised Overdrafts
26610500-2080,30/4/2024,26610500-2080 Nostro FCA Overdrafts,Business loans and Overdrafts,SPREAD ACROSS BUCKETS,0,26610500,Business loans and Overdrafts
26611000-2070,30/4/2024,26611000-2070 Platinum Overdrafts,Unauthorised Overdrafts,SPREAD ACROSS BUCKETS,0,26611000,Unauthorised Overdrafts
27345000-2090,30/4/2024,27345000-2090 Swift Shares for CABS,Other Assets,FIX TO 99 YEAR BUCKET,0,27345000,Other Assets
27364000-2110,30/4/2024,27364000-2110 Zimswitch Shares for CABS,Other Assets,FIX TO 99 YEAR BUCKET,0,27364000,Other Assets
27867000-2045,30/4/2024,27867000-2045 Business loans and advances,Business loans and Overdrafts,SPREAD ACROSS BUCKETS,0,27867000,Business loans and Overdrafts
27867500-2048,30/4/2024,27867500-2048 Business Loans Nostro FCA,Loans,SPREAD ACROSS BUCKETS,0,27867500,Business loans and Overdrafts
CP000001,30/4/2024,CP000001 CREDIT PARTNER LOANS,CPS loans,SPREAD ACROSS BUCKETS,0,27868500,CPS loans
CPS00001,30/4/2024,CPS00001 CPS LOANS,CPS loans,SPREAD ACROSS BUCKETS,0,27868500,CPS loans
30184000-0000,30/4/2024,30184000-0000 Contactless Issuance (MasterCard/Visa),Other Assets,FIX TO 99 YEAR BUCKET,0,30184000,Other Assets
31008100-2172,30/4/2024,31008100-2172 Accr Int-Authorised Overdrafts,Business loans and Overdrafts,SPREAD ACROSS BUCKETS,0,31008100,Business loans and Overdrafts
31008200-2158,30/4/2024,31008200-2158 Accr Int-BusLoansNostFCA,Business loans and Overdrafts,SPREAD ACROSS BUCKETS,0,31008200,Business loans and Overdrafts
31009000-2156,30/4/2024,31009000-2156 Accr Int CPS Loans,CPS loans,SPREAD ACROSS BUCKETS,0,31009000,CPS loans
31015500-0000,30/4/2024,31015500-0000 Accrued Interest- Income on Bankers Acceptance,Dealing and investment,SPREAD ACROSS BUCKETS,0,31015500,Dealing and investment
31019000-2155,30/4/2024,31019000-2155 Accr Int Business Loans,Business loans and Overdrafts,SPREAD ACROSS BUCKETS,0,31019000,Business loans and Overdrafts
31020000-2170,30/4/2024,31020000-2170 Accr Int Fixed Deposit Plcmnts,Dealing and investment,SPREAD ACROSS BUCKETS,0,31020000,Dealing and investment
31020400-2165,30/4/2024,31020400-2165 Accr Int-MorLoanNostFCA,Mortgage Loans,SPREAD ACROSS BUCKETS,0,31020400,Mortgage Loans
31020600-2160,30/4/2024,31020600-2160 Accr Int-Mortg Loans ZWL,Mortgage Loans,SPREAD ACROSS BUCKETS,0,31020600,Mortgage Loans
31020630-2162,30/4/2024,31020630-2162 Accrued Interest - Nostro Authorised Overdrafts,Business loans and Overdrafts,SPREAD ACROSS BUCKETS,0,31020630,Business loans and Overdrafts
31020650-2168,30/4/2024,31020650-2168 Accrued Interest - Nostro Fixed Placements,Dealing and investment,SPREAD ACROSS BUCKETS,0,31020650,Dealing and investment
31020660-2166,30/4/2024,31020660-2166 Accr Int Nostro Treasury Bills,Treasury Bills ,SPREAD ACROSS BUCKETS,0,31020660,Treasury Bills
31020900-2173,30/4/2024,31020900-2173 AccrInt OD accs - Nostro FCA,Business loans and Overdrafts,SPREAD ACROSS BUCKETS,0,31020900,Business loans and Overdrafts
31021000-2175,30/4/2024,31021000-2175 Accr Int - Overdraft accounts,Business loans and Overdrafts,SPREAD ACROSS BUCKETS,0,31021000,Business loans and Overdrafts
31021000-2172,30/4/2024,31021000-2172 Accr Int-Authorised Overdrafts,Business loans and Overdrafts,SPREAD ACROSS BUCKETS,0,31021000,Business loans and Overdrafts
31021400-2173,30/4/2024,31021400-2173 Accr Int - Nostro Overdrafts,Business loans and Overdrafts,SPREAD ACROSS BUCKETS,0,31021400,Business loans and Overdrafts
31022000-0000,30/4/2024,31022000-0000 Accrued Interest-Sav Od,Other Assets,FIX TO DAY 1 BUCKET,0,31022000,Other Assets
31025000-2176,30/4/2024,31025000-2176 Accrued Int - Treasury Bills,Treasury Bills ,SPREAD ACROSS BUCKETS,0,31025000,Treasury Bills
31941200-2448,30/4/2024,31941200-2448 Cash at Bank-AFREXIMBANK USN,Bank Balances,FIX TO DAY 1 BUCKET,0,31941200,Bank Balances
31941450-2432,30/4/2024,31941450-2432 AFREXIMBANK USD 20005120128000,Bank Balances,FIX TO DAY 1 BUCKET,0,31941450,Bank Balances
31942200-2177,30/4/2024,31942200-2177 Cash at Bank - Agribank USD,Cash and cash equivalents,FIX TO DAY 1 BUCKET,0,31942200,Cash and cash equivalents
31942320-2440,30/4/2024,31942320-2440 Cash at Bank-AKTIF Bank-EUR,Bank Balances,FIX TO DAY 1 BUCKET,0,31942320,Bank Balances
31942330-2441,30/4/2024,31942330-2441 Cash at Bank-AKTIF Bank-GBP,Bank Balances,FIX TO DAY 1 BUCKET,0,31942330,Bank Balances
31942350-2442,30/4/2024,31942350-2442 Cash at Bank- AKTIF Bank-USD,Bank Balances,FIX TO DAY 1 BUCKET,0,31942350,Bank Balances
31946200-2444,30/4/2024,31946200-2444 Cash at Bank-BMCEInt(EUR),Bank Balances,FIX TO DAY 1 BUCKET,0,31946200,Bank Balances
31946220-2445,30/4/2024,31946220-2445 Cash at Bank-BMCEInt(USD),Bank Balances,FIX TO DAY 1 BUCKET,0,31946220,Bank Balances
31950000-0000,30/4/2024,31950000-0000 Cash at Bank-CABS 9015347463,Cash and cash equivalents,FIX TO DAY 1 BUCKET,0,31950000,Cash and cash equivalents
31983400-0000,30/4/2024,31983400-0000 Cash with Bank -1125820853,Cash and cash equivalents,FIX TO DAY 1 BUCKET,0,31983400,Cash and cash equivalents
31985900-2178,30/4/2024,31985900-2178 Cash at Bank - CBZ bank USD,Cash and cash equivalents,FIX TO DAY 1 BUCKET,0,31985900,Cash and cash equivalents
31990400-2185,30/4/2024,31990400-2185 Cash at Bank - Commerzbank AUD,Bank Balances,FIX TO DAY 1 BUCKET,0,31990400,Bank Balances
31990450-2198,30/4/2024,31990450-2198 Cash at Bank - Commerzbank CNY,Bank Balances,FIX TO DAY 1 BUCKET,0,31990450,Bank Balances
31990500-2180,30/4/2024,31990500-2180 Cash at Bank - Commerzbank EUR,Bank Balances,FIX TO DAY 1 BUCKET,0,31990500,Bank Balances
31024000-0000,30/4/2024,31024000-0000 Accrued Interest - Term Deposits,Term deposits,SPREAD ACROSS BUCKETS,0,31024000,Term deposits
31990620-2186,30/4/2024,31990620-2186 Cash at Bank-EcoBank67601,Bank Balances,FIX TO DAY 1 BUCKET,0,31990620,Bank Balances
31990625-2187,30/4/2024,31990625-2187 Cash at Bank-EcoBank67602,Bank Balances,FIX TO DAY 1 BUCKET,0,31990625,Bank Balances
31990630-2188,30/4/2024,31990630-2188 Cash at Bank-EcoBank67603,Bank Balances,FIX TO DAY 1 BUCKET,0,31990630,Bank Balances
31990680-2179,30/4/2024,31990680-2179 Cash at Bank - EcoBank USD,Cash and cash equivalents,FIX TO DAY 1 BUCKET,0,31990680,Cash and cash equivalents
31993330-2181,30/4/2024,31993330-2181 Cash at Bank - FBC Bank USD,Cash and cash equivalents,FIX TO DAY 1 BUCKET,0,31993330,Cash and cash equivalents
31995000-2190,30/4/2024,31995000-2190 Bank FNB BOTS BWP 62333243731,Bank Balances,FIX TO DAY 1 BUCKET,0,31995000,Bank Balances
31995500-2192,30/4/2024,31995500-2192 Cash at Bank - FNB EURO,Bank Balances,FIX TO DAY 1 BUCKET,0,31995500,Bank Balances
31995600-2194,30/4/2024,31995600-2194 Cash at Bank - FNB GBP,Bank Balances,FIX TO DAY 1 BUCKET,0,31995600,Bank Balances
31995700-2193,30/4/2024,31995700-2193 Cash at Bank - FNB USD 628770,Bank Balances,FIX TO DAY 1 BUCKET,0,31995700,Bank Balances
31996000-2210,30/4/2024,31996000-2210 Bank FRB SA 9021310 ZAR,Bank Balances,FIX TO DAY 1 BUCKET,0,31996000,Bank Balances
31996500-2220,30/4/2024,31996500-2220 Bank FRB SA 0332801 USD,Bank Balances,FIX TO DAY 1 BUCKET,0,31996500,Bank Balances
32006200-2230,30/4/2024,32006200-2230 Bank MBCA Corp FCA USD,Cash and cash equivalents,FIX TO DAY 1 BUCKET,0,32006200,Cash and cash equivalents
32009000-2250,30/4/2024,32009000-2250 Bank MBCA Foliwars USD 1210310,Cash and cash equivalents,FIX TO DAY 1 BUCKET,0,32009000,Cash and cash equivalents
32009300-2270,30/4/2024,32009300-2270 Bank MBCA Foliwars ZAR 1210310,Cash and cash equivalents,FIX TO DAY 1 BUCKET,0,32009300,Cash and cash equivalents
32010300-2310,30/4/2024,32010300-2310 Bank MBCA Treasury ZAR 1210230,Cash and cash equivalents,FIX TO DAY 1 BUCKET,0,32010300,Cash and cash equivalents
32048250-2189,30/4/2024,32048250-2189 Cash at B-NedNosUSD348733,Bank Balances,FIX TO DAY 1 BUCKET,0,32048250,Bank Balances
32048600-2182,30/4/2024,32048600-2182 Cash at Bank - NMB Bank USD,Cash and cash equivalents,FIX TO DAY 1 BUCKET,0,32048600,Cash and cash equivalents
32049720-2195,30/4/2024,32049720-2195 CshODDO BHF-EUR-DE09,Bank Balances,FIX TO DAY 1 BUCKET,0,32049720,Bank Balances
32049740-2196,30/4/2024,32049740-2196 CshODDO BHF-GBP-DE97 0200,Cash and cash equivalents,FIX TO DAY 1 BUCKET,0,32049740,Cash and cash equivalents
32049760-2197,30/4/2024,32049760-2197 CshODDO BHF-USD-DE53 0100,Cash and cash equivalents,FIX TO DAY 1 BUCKET,0,32049760,Cash and cash equivalents
32053000-2340,30/4/2024,32053000-2340 Bank RBZ USD MTA Sec Deposit,Bank Balances,FIX TO DAY 1 BUCKET,0,32053000,Bank Balances
32054000-2330,30/4/2024,32054000-2330 Bank RBZ USD Settlement,Cash and cash equivalents,FIX TO DAY 1 BUCKET,0,32054000,Cash and cash equivalents
32054500-0000,30/4/2024,32054500-0000 Cash At Bank-SeRBZ2057527,Cash and cash equivalents,FIX TO DAY 1 BUCKET,0,32054500,Cash and cash equivalents
32054800-2333,30/4/2024,32054800-2333 Cash At Bank - RBZ USD Nostro 25000008942,Bank Balances,FIX TO DAY 1 BUCKET,0,32054800,Bank Balances
32055000-2350,30/4/2024,32055000-2350 Bank RBZ USD Zmsw Collat,Cash and cash equivalents,FIX TO DAY 1 BUCKET,0,32055000,Cash and cash equivalents
32055030-2335,30/4/2024,32055030-2335 RBZ ZiG Bank Account,Cash and cash equivalents,FIX TO DAY 1 BUCKET,0,32055030,Cash and cash equivalents
32055400-2351,30/4/2024,32055400-2351 Bank RMB Cash Collat 3144471,Cash and cash equivalents,FIX TO DAY 1 BUCKET,0,32055400,Cash and cash equivalents
32055500-2352,30/4/2024,32055500-2352 Structured trades collat USD,Bank Balances,FIX TO DAY 1 BUCKET,0,32055500,Bank Balances
32055710-2355,30/4/2024,32055710-2355 Bank SARB General CPL ZAR Ac A,Bank Balances,FIX TO DAY 1 BUCKET,0,32055710,Bank Balances
32055750-2360,30/4/2024,32055750-2360 Bank SARB RTL Settlement ZAR,Bank Balances,FIX TO DAY 1 BUCKET,0,32055750,Bank Balances
32061700-2446,30/4/2024,32061700-2446 Cash at Bank-SMEBidBndDep,Other Assets,FIX TO 99 YEAR BUCKET,0,32061700,Trade creditors
32073500-2183,30/4/2024,32073500-2183 Cash at Bank - Stanbic bank US,Cash and cash equivalents,FIX TO DAY 1 BUCKET,0,32073500,Cash and cash equivalents
32089700-2370,30/4/2024,32089700-2370 Bank Stanchart EUR Ffurt0183,Bank Balances,FIX TO DAY 1 BUCKET,0,32089700,Bank Balances
32092000-2390,30/4/2024,32092000-2390 Afrexim Collection account 5-Bank-N/A Placeholder-N/A Placeholder-,Other Assets,FIX TO DAY 1 BUCKET,0,32092000,Cash Balances
32115500-2410,30/4/2024,32115500-2410 Bank Stanchart USD N/Y3582-026,Cash and cash equivalents,FIX TO DAY 1 BUCKET,0,32115500,Cash and cash equivalents
32123200-2443,30/4/2024,32123200-2443 Cash at B-Std ZAR-7228452,Bank Balances,FIX TO DAY 1 BUCKET,0,32123200,Bank Balances
32127500-2420,30/4/2024,32127500-2420 Bank ZAR ZB 4178-038197-201,Bank Balances,FIX TO DAY 1 BUCKET,0,32127500,Bank Balances
32128300-2430,30/4/2024,32128300-2430 Bank USD ZB 4178-038197-200,Cash and cash equivalents,FIX TO DAY 1 BUCKET,0,32128300,Cash and cash equivalents
32128600-2184,30/4/2024,32128600-2184 Cash at Bank - ZB Bank USD,Cash and cash equivalents,FIX TO DAY 1 BUCKET,0,32128600,Cash and cash equivalents
32522000-0000,30/4/2024,32522000-0000 Cash with Teller,Cash and cash equivalents,FIX TO DAY 1 BUCKET,0,32522000,Cash and cash equivalents
32530100-2450,30/4/2024,32530100-2450 Cash with Teller Mashonaland,Cash and cash equivalents,FIX TO DAY 1 BUCKET,0,32530100,Cash and cash equivalents
32530300-2470,30/4/2024,32530300-2470 Cash with Teller Matabeleland,Cash and cash equivalents,FIX TO DAY 1 BUCKET,0,32530300,Cash and cash equivalents
32530400-2490,30/4/2024,32530400-2490 Cash with Teller Manicaland,Cash and cash equivalents,FIX TO DAY 1 BUCKET,0,32530400,Cash and cash equivalents
32530500-2510,30/4/2024,32530500-2510 Cash with Teller Gweru,Cash and cash equivalents,FIX TO DAY 1 BUCKET,0,32530500,Cash and cash equivalents
32530600-2530,30/4/2024,32530600-2530 Cash with Teller Kwekwe,Cash and cash equivalents,FIX TO DAY 1 BUCKET,0,32530600,Cash and cash equivalents
32530700-2550,30/4/2024,32530700-2550 Cash with Teller Masvingo,Cash and cash equivalents,FIX TO DAY 1 BUCKET,0,32530700,Cash and cash equivalents
32534000-3440,30/4/2024,32534000-3440 Nostro Omari cash floats,Other Assets,FIX TO DAY 1 BUCKET,0,32534000,Cash Balances
32639000-2569,30/4/2024,32639000-2569 RMI Commission Receivable,Other Assets,FIX TO 99 YEAR BUCKET,0,32639000,Other Assets
33171000-2570,30/4/2024,33171000-2570 Prepayments,Other Assets,FIX TO 99 YEAR BUCKET,0,33171000,Other Assets
33171100-0000,30/4/2024,33171100-0000 Prepayment-City of Hre,Other Assets,FIX TO 99 YEAR BUCKET,0,33171100,Other Assets
33171500-2580,30/4/2024,33171500-2580 Prepayments - City of Harare,Other Assets,FIX TO 99 YEAR BUCKET,0,33171500,Other Assets
33172500-0000,30/4/2024,33172500-0000 Prepayments-S/ware Licence Fee,Other Assets,FIX TO 99 YEAR BUCKET,0,33172500,Other Assets
33702000-2590,30/4/2024,33702000-2590 Accrued Inc,Other Assets,FIX TO 99 YEAR BUCKET,0,33702000,Other Assets
33712700-2575,30/4/2024,33712700-2575 Accrued Inc Monthly Serv Fees,Other Assets,FIX TO 99 YEAR BUCKET,0,33712700,Other Assets
33717000-2591,30/4/2024,33717000-2591 Accrued Income Rental,Other Assets,FIX TO 99 YEAR BUCKET,0,33717000,Other Assets
35337000-2620,30/4/2024,35337000-2620 NonCurrent Assets held for Sal,Assets Held for sale,FIX TO 99 YEAR BUCKET,0,35337000,Assets Held for sale
35344000-2625,30/4/2024,35344000-2625 Remittance Incentive Suspense,Trade creditors,FIX TO DAY 1 BUCKET,0,35344000,Trade creditors
37104000-2630,30/4/2024,37104000-2630 Office Staff Car Loans,Other Assets,FIX TO 99 YEAR BUCKET,0,37104000,Other Assets
37108000-2670,30/4/2024,37108000-2670 Staff Car Loans,Other Assets,FIX TO 99 YEAR BUCKET,0,37108000,Other Assets
37112000-2690,30/4/2024,37112000-2690 Staff Educational Loans,Other Assets,FIX TO 99 YEAR BUCKET,0,37112000,Mortgage Loans
37116000-2710,30/4/2024,37116000-2710 Staff Loans,Other Assets,FIX TO 99 YEAR BUCKET,0,37116000,Mortgage Loans
37116500-2730,30/4/2024,37116500-2730 Staff Loans Management,Other Assets,FIX TO 99 YEAR BUCKET,0,37116500,Mortgage Loans
37118000-2750,30/4/2024,37118000-2750 Staff Uniform Loans,Other Assets,FIX TO 99 YEAR BUCKET,0,37118000,Mortgage Loans
37485000-2770,30/4/2024,37485000-2770 Stock on Hand Fuel,Other Assets,FIX TO 99 YEAR BUCKET,0,37485000,Other Assets
37485200-2790,30/4/2024,37485200-2790 Stock on Hand Fuel Coupons,Other Assets,FIX TO 99 YEAR BUCKET,0,37485200,Other Assets
37485400-2810,30/4/2024,37485400-2810 Stock on Hand Diesel,Other Assets,FIX TO 99 YEAR BUCKET,0,37485400,Other Assets
37485600-2830,30/4/2024,37485600-2830 Stock on Hand Petrol,Other Assets,FIX TO 99 YEAR BUCKET,0,37485600,Other Assets
37490000-2835,30/4/2024,37490000-2835 Stock on Hand-Staff Uniforms,Other Assets,FIX TO 99 YEAR BUCKET,0,37490000,Other Assets
37491000-0000,30/4/2024,37491000-0000 Stock on Hand - Stationery,Other Assets,FIX TO 99 YEAR BUCKET,0,37491000,Other Assets
37496000-2855,30/4/2024,37496000-2855 Stock on Hand - ZESA Coupons,Other Assets,FIX TO 99 YEAR BUCKET,0,37496000,Other Assets
37944000-2870,30/4/2024,37944000-2870 Statutory Reserves,Statutory Reserves,FIX TO 99 YEAR BUCKET,0,37944000,Statutory Reserves
38249800-0000,30/4/2024,38249800-0000 Active-Active Project,Other Assets,FIX TO 99 YEAR BUCKET,0,38249800,Other Assets
38249810-0791,30/4/2024,38249810-0791 AFC NOSTRO SUNDRY DEBTOR,Other Assets,FIX TO DAY 1 BUCKET,0,38249810,Other Assets
38249820-0792,30/4/2024,38249820-0792 AFRICENTURY NOSTRO SUNDRY DEBT,Other Assets,FIX TO DAY 1 BUCKET,0,38249820,Other Assets
38249830-0793,30/4/2024,38249830-0793 BancABC NOSTRO SUNDRY DEBTOR,Other Assets,FIX TO DAY 1 BUCKET,0,38249830,Other Assets
38250620-0794,30/4/2024,38250620-0794 CBZ BANK NOSTRO SUNDRY DEBTOR,Other Assets,FIX TO DAY 1 BUCKET,0,38250620,Other Assets
38252000-2890,30/4/2024,38252000-2890 Centralised Frauds Control,Other Assets,FIX TO 99 YEAR BUCKET,0,38252000,Other Assets
38252500-2895,30/4/2024,38252500-2895 Direct Injection Clearing acc,Ordinary transactional deposits,FIX TO DAY 1 BUCKET,0,38252500,Ordinary transactional deposits
38252600-2896,30/4/2024,38252600-2896 Direct Injection Nostro FCA,Deposits – Retail and Corporate,FIX TO DAY 1 BUCKET,0,38252600,Nostro Transactional Accounts
38252800-0000,30/4/2024,38252800-0000 ECL Sundry Debtors,Other Assets,FIX TO 99 YEAR BUCKET,0,38252800,Cash and cash equivalents
38252820-0795,30/4/2024,38252820-0795 ECOBANK NOSTRO SUNDRY DEBTOR,Other Assets,FIX TO DAY 1 BUCKET,0,38252820,Other Assets
38252920-0796,30/4/2024,38252920-0796 Ecocash NOSTRO SUNDRY DEBTOR,Other Assets,FIX TO DAY 1 BUCKET,0,38252920,Other Assets
38252950-2898,30/4/2024,38252950-2898 Ecocash Sund Debt - Zimswitch,Other Assets,FIX TO 99 YEAR BUCKET,0,38252950,Other Assets
38252975-0797,30/4/2024,38252975-0797 Empowerbank NOSTRO SUNDRY DEBT,Other Assets,FIX TO DAY 1 BUCKET,0,38252975,Other Assets
38252980-0798,30/4/2024,38252980-0798 FBC Building Society NOSTRO S,Other Assets,FIX TO DAY 1 BUCKET,0,38252980,Other Assets
38252985-0799,30/4/2024,38252985-0799 FBC NOSTRO SUNDRY DEBTOR,Other Assets,FIX TO DAY 1 BUCKET,0,38252985,Other Assets
38252990-0800,30/4/2024,38252990-0800 FCB NOSTRO SUNDRY DEBTOR,Other Assets,FIX TO DAY 1 BUCKET,0,38252990,Other Assets
38253000-2900,30/4/2024,38253000-2900 Flexi-Credit Disbursements,CPS loans,SPREAD ACROSS BUCKETS,0,38253000,CPS loans
38254000-0000,30/4/2024,38254000-0000 Foreign Debtors,Other Assets,FIX TO 99 YEAR BUCKET,0,38254000,Other Assets
38254100-0801,30/4/2024,38254100-0801 GETBUCKS NOSTRO SUNDRY DEBTOR,Other Assets,FIX TO DAY 1 BUCKET,0,38254100,Other Assets
38258400-2902,30/4/2024,38258400-2902 Lion Finance POS Sun Deb,Trade Debtors,FIX TO DAY 1 BUCKET,0,38258400,Other Assets
38258550-0802,30/4/2024,38258550-0802 Metbank NOSTRO SUNDRY DEBTOR,Trade Debtors,FIX TO DAY 1 BUCKET,0,38258550,Other Assets
38259000-2905,30/4/2024,38259000-2905 MTA Collateral Security- RBZ,Cash and cash equivalents,FIX TO DAY 1 BUCKET,0,38259000,Cash and cash equivalents
38259010-0803,30/4/2024,38259010-0803 NatBuild Soc NOSTRO SUNDRY DEB,Other Assets,FIX TO DAY 1 BUCKET,0,38259010,Other Assets
38259020-0804,30/4/2024,38259020-0804 Nedbank NOSTRO SUNDRY DEBTOR,Other Assets,FIX TO DAY 1 BUCKET,0,38259020,Other Assets
38259060-0805,30/4/2024,38259060-0805 NMB Bank NOSTRO SUNDRY DEBTOR,Other Assets,FIX TO DAY 1 BUCKET,0,38259060,Other Assets
38260100-0818,30/4/2024,38260100-0818 OMARI POS Nostro Sundry Debtor,Trade Debtors,FIX TO DAY 1 BUCKET,0,38260100,Other Assets
38260300-0806,30/4/2024,38260300-0806 ONE WALLET FBC NOSTRO SUNDRY D,Other Assets,FIX TO DAY 1 BUCKET,0,38260300,Other Assets
38262000-2910,30/4/2024,38262000-2910 Petty Cash,Cash and cash equivalents,FIX TO DAY 1 BUCKET,0,38262000,Cash and cash equivalents
38264200-0807,30/4/2024,38264200-0807 POSB NOSTRO SUNDRY DEBTOR,Other Assets,FIX TO DAY 1 BUCKET,0,38264200,Other Assets
38264700-0808,30/4/2024,38264700-0808 STANBIC NOSTRO SUNDRY DEBTOR,Other Assets,FIX TO DAY 1 BUCKET,0,38264700,Other Assets
38264800-0809,30/4/2024,38264800-0809 STD Chart NOSTRO SUNDRY DEBTOR,Trade Debtors,FIX TO DAY 1 BUCKET,0,38264800,Other Assets
38264900-0814,30/4/2024,38264900-0814 Steward NOSTRO SUNDRY DEBTOR,Other Assets,FIX TO DAY 1 BUCKET,0,38264900,Other Assets
38265400-0815,30/4/2024,38265400-0815 Success NOSTRO SUNDRY DEBTOR,Trade Debtors,FIX TO DAY 1 BUCKET,0,38265400,Other Assets
38266000-2930,30/4/2024,38266000-2930 Sundry Debt,Other Assets,FIX TO 99 YEAR BUCKET,0,38266000,Other Assets
38266300-0765,30/4/2024,38266300-0765 Sun Drs-African Century,Trade Debtors,FIX TO DAY 1 BUCKET,0,38266300,Other Assets
41035500-3700,30/4/2024,41035500-3700 Cash In Transit Cash Imports,Cash and cash equivalents,FIX TO DAY 1 BUCKET,0,41035500,Ordinary transactional deposits
41036000-3710,30/4/2024,41036000-3710 Cash In Transit InterBr Ctrl,Cash and cash equivalents,FIX TO DAY 1 BUCKET,0,41036000,Cash and cash equivalents
41045500-3720,30/4/2024,41045500-3720 Equity Trade Security-RBZ,Cash and cash equivalents,FIX TO DAY 1 BUCKET,0,41045500,Cash and cash equivalents
41047150-3115,30/4/2024,41047150-3115 Mastercard control account,Other Assets,FIX TO 99 YEAR BUCKET,0,41047150,Other Assets
41047160-3120,30/4/2024,41047160-3120 Mastercard Control - Nostro FC,Other Assets,FIX TO 99 YEAR BUCKET,0,41047160,Other Assets
41047180-3125,30/4/2024,41047180-3125 Merchant Card Replacement,Other Liabilities,FIX TO 99 YEAR BUCKET,0,41047180,Other Liabilities
41053500-3725,30/4/2024,41053500-3725 Non-CABS Banked Settlem,Other Liabilities,FIX TO 99 YEAR BUCKET,0,41053500,Other Liabilities
41053530-3730,30/4/2024,41053530-3730 y Merchant Services,Other Liabilities,FIX TO 99 YEAR BUCKET,0,41053530,Other Liabilities
41054365-2435,30/4/2024,41054365-2435 RBZ Clearing account EUR,Cash and cash equivalents,FIX TO DAY 1 BUCKET,0,41054365,Cash and cash equivalents
41054367-2437,30/4/2024,41054367-2437 RBZ Clearing account-GBP,Cash and cash equivalents,FIX TO DAY 1 BUCKET,0,41054367,Cash and cash equivalents
41054370-2436,30/4/2024,41054370-2436 RBZ Clearing account ZAR,Cash and cash equivalents,FIX TO DAY 1 BUCKET,0,41054370,Cash and cash equivalents
41054380-9900,30/4/2024,41054380-9900 Savings Control Clearing-CABS,Other Assets,FIX TO 99 YEAR BUCKET,0,41054380,Other Assets
41054385-2439,30/4/2024,41054385-2439 Scheme Card Balances,Ordinary transactional deposits,FIX TO DAY 1 BUCKET,0,41054385,Ordinary transactional deposits
41054820-3750,30/4/2024,41054820-3750 Travellers Cheques Stock,Other Assets,FIX TO 99 YEAR BUCKET,0,41054820,Other Assets
41070600-0000,30/4/2024,41070600-0000 Unallocated CUS-CABS9015347463,Other Liabilities,FIX TO 99 YEAR BUCKET,0,41070600,Other Liabilities
41081000-3185,30/4/2024,41081000-3185 Visa control Account,Other Assets,FIX TO 99 YEAR BUCKET,0,41081000,Other Assets
41081400-0000,30/4/2024,41081400-0000 VISA Control - Nostro FCA,Other Liabilities,FIX TO 99 YEAR BUCKET,0,41081400,Other Liabilities
42054800-2333,30/4/2024,42054800-2333 Cash At Bank-RBZ USD Nost,Cash and cash equivalents,FIX TO DAY 1 BUCKET,0,42054800,Cash and cash equivalents
43726000-0000,30/4/2024,43726000-0000 Interest Control,Other Assets,FIX TO 99 YEAR BUCKET,0,43726000,Other Assets
44269700-3780,30/4/2024,44269700-3780 ATM Cash Balances,Cash and cash equivalents,FIX TO DAY 1 BUCKET,0,44269700,Cash and cash equivalents
44271500-3832,30/4/2024,44271500-3832 CPS Flexicard revenues,Other Liabilities,FIX TO 99 YEAR BUCKET,0,44271500,Trade creditors
44272000-3790,30/4/2024,44272000-3790 Position Management,Other Liabilities,FIX TO 99 YEAR BUCKET,0,44272000,Trade creditors
44272600-3833,30/4/2024,44272600-3833 Ecocash Wallet Suspense,Other Liabilities,FIX TO 99 YEAR BUCKET,0,44272600,Other Liabilities
44272800-3800,30/4/2024,44272800-3800 Exchange Control Prepayments,Other Assets,FIX TO 99 YEAR BUCKET,0,44272800,Other Assets
44275000-3810,30/4/2024,44275000-3810 General Suspense Control,Other Liabilities,FIX TO 99 YEAR BUCKET,0,44275000,Trade creditors
44275100-3830,30/4/2024,44275100-3830 InterBranch Suspense,Other Liabilities,FIX TO 99 YEAR BUCKET,0,44275100,Trade creditors
44275530-3834,30/4/2024,44275530-3834 Mortgage Repayment Susp,Mortgage Loans,SPREAD ACROSS BUCKETS,0,44275530,Mortgage Loans
44275550-3835,30/4/2024,44275550-3835 MTA Suspense Control,Other Liabilities,FIX TO 99 YEAR BUCKET,0,44275550,Trade creditors
44275700-0000,30/4/2024,44275700-0000 Netone Wallet Suspense,Other Assets,FIX TO 99 YEAR BUCKET,0,44275700,Other Assets
44276320-3836,30/4/2024,44276320-3836 Nostro Housing Collections Sus,Deposits – Retail and Corporate,FIX TO DAY 1 BUCKET,0,44276320,Nostro Transactional Accounts
44276340-3820,30/4/2024,44276340-3820 Nostro Mortg repayment suspens,Mortgage Loans,SPREAD ACROSS BUCKETS,0,44276340,Mortgage Loans
44276360-3837,30/4/2024,44276360-3837 Nostro Motor Insurance Schemes,Deposits – Retail and Corporate,FIX TO DAY 1 BUCKET,0,44276360,Nostro Transactional Accounts
44276380-3838,30/4/2024,44276380-3838 Nostro Sinking Funds Suspense,Deposits – Retail and Corporate,FIX TO DAY 1 BUCKET,0,44276380,Nostro Transactional Accounts
44276385-3851,30/4/2024,44276385-3851 Nostro Sundry Persons Control,Other Assets,FIX TO 99 YEAR BUCKET,0,44276385,Other Assets
44276420-4260,30/4/2024,44276420-4260 Nostro Zimswitch Control,Other Assets,FIX TO 99 YEAR BUCKET,0,44276420,Other Assets
44281600-3840,30/4/2024,44281600-3840 Paynet Wash Account,Ordinary transactional deposits,FIX TO DAY 1 BUCKET,0,44281600,Ordinary transactional deposits
44281600-3845,30/4/2024,44281600-3845 Paynet Wash Account Nostr0,Other Liabilities,FIX TO DAY 1 BUCKET,0,44281600,Ordinary transactional deposits
44281600-3850,30/4/2024,44281600-3850 Sundry Persons Control,Ordinary transactional deposits,FIX TO DAY 1 BUCKET,0,44281600,Ordinary transactional deposits
44281600-3852,30/4/2024,44281600-3852 Textacash Send Mobile,Ordinary transactional deposits,FIX TO DAY 1 BUCKET,0,44281600,Ordinary transactional deposits
44281750-3855,30/4/2024,44281750-3855 Take on reconciling items,Other Assets,FIX TO 99 YEAR BUCKET,0,44281750,Other Assets
44281800-3870,30/4/2024,44281800-3870 Agents and Merchants Sundry Ac,Ordinary transactional deposits,FIX TO DAY 1 BUCKET,0,44281800,Ordinary transactional deposits
38266500-2950,30/4/2024,38266500-2950 Sundry Debt Agribank,Trade Debtors,FIX TO DAY 1 BUCKET,0,38266500,Other Assets
38266800-2970,30/4/2024,38266800-2970 Sundry Debt BANCABC,Trade Debtors,FIX TO DAY 1 BUCKET,0,38266800,Other Assets
38267000-2990,30/4/2024,38267000-2990 Sundry Debt Barclays,Trade Debtors,FIX TO DAY 1 BUCKET,0,38267000,Other Assets
38267500-3010,30/4/2024,38267500-3010 Sundry Debt CBZ,Trade Debtors,FIX TO DAY 1 BUCKET,0,38267500,Other Assets
38267600-3030,30/4/2024,38267600-3030 Sundry Debt Clearing Account,Other Assets,FIX TO 99 YEAR BUCKET,0,38267600,Other Assets
38268500-3050,30/4/2024,38268500-3050 Sundry Debt ECOBANK,Trade Debtors,FIX TO DAY 1 BUCKET,0,38268500,Other Assets
38268800-3060,30/4/2024,38268800-3060 Sundry Drs-Ecocash,Trade Debtors,FIX TO DAY 1 BUCKET,0,38268800,Other Assets
38268850-3065,30/4/2024,38268850-3065 Sun Drs-Ecocash Wallet,Other Assets,FIX TO 99 YEAR BUCKET,0,38268850,Other Assets
38270100-2995,30/4/2024,38270100-2995 Sundry Debt - Empower Bank,Trade Debtors,FIX TO DAY 1 BUCKET,0,38270100,Other Assets
38270200-0000,30/4/2024,38270200-0000 Sundry Debtors - FCA USD,Other Assets,FIX TO 99 YEAR BUCKET,0,38270200,Other Assets
38270300-3070,30/4/2024,38270300-3070 Sundry Debt FBC Bank,Trade Debtors,FIX TO DAY 1 BUCKET,0,38270300,Other Assets
38270400-3090,30/4/2024,38270400-3090 Sundry Debt FBC BS,Trade Debtors,FIX TO DAY 1 BUCKET,0,38270400,Other Assets
38270600-3000,30/4/2024,38270600-3000 Sundry Debtors - FBC One Money,Trade Debtors,FIX TO DAY 1 BUCKET,0,38270600,Other Assets
38270800-3102,30/4/2024,38270800-3102 Sundry Debtors-Get Bucks,Trade Debtors,FIX TO DAY 1 BUCKET,0,38270800,Other Assets
38274000-0000,30/4/2024,38274000-0000 Sundry Drs-H/Off Refresh,Other Assets,FIX TO 99 YEAR BUCKET,0,38274000,Other Assets
38274500-0000,30/4/2024,38274500-0000 Sundry Debtors - Housing Sales,Other Assets,FIX TO 99 YEAR BUCKET,0,38274500,Other Assets
38278400-3100,30/4/2024,38278400-3100 Sundry Debtor Mastercard,Other Assets,FIX TO DAY 1 BUCKET,0,38278400,Other Assets
38278500-3160,30/4/2024,38278500-3160 Sundry Drs-MasterCard Collater,Other Assets,FIX TO 99 YEAR BUCKET,0,38278500,Other Assets
38278600-3101,30/4/2024,38278600-3101 Sun Drs-MasCrd Nostro FCA,Trade Debtors,FIX TO DAY 1 BUCKET,0,38278600,Other Assets
38279000-3170,30/4/2024,38279000-3170 Sundry Debt MBCA,Trade Debtors,FIX TO DAY 1 BUCKET,0,38279000,Other Assets
38280500-3190,30/4/2024,38280500-3190 Sundry Debt METBANK,Trade Debtors,FIX TO DAY 1 BUCKET,0,38280500,Other Assets
38281300-3105,30/4/2024,38281300-3105 Sundry Debtors - NBS,Trade Debtors,FIX TO DAY 1 BUCKET,0,38281300,Other Assets
38281500-3210,30/4/2024,38281500-3210 Sundry Debt NMB,Trade Debtors,FIX TO DAY 1 BUCKET,0,38281500,Other Assets
38283000-3230,30/4/2024,38283000-3230 Sundry Debt POSB,Trade Debtors,FIX TO DAY 1 BUCKET,0,38283000,Other Assets
38284500-3250,30/4/2024,38284500-3250 Sundry Debt Returned Cheques,Other Assets,FIX TO 99 YEAR BUCKET,0,38284500,Other Assets
38284600-3270,30/4/2024,38284600-3270 Sundry Debt Returned DR Orders,Other Assets,FIX TO 99 YEAR BUCKET,0,38284600,Other Assets
38285000-3290,30/4/2024,38285000-3290 Sundry Debt Staff Canteen,Other Assets,FIX TO 99 YEAR BUCKET,0,38285000,Other Assets
38285200-3310,30/4/2024,38285200-3310 Sundry Debt Stan Chart,Trade Debtors,FIX TO DAY 1 BUCKET,0,38285200,Other Assets
38285300-3330,30/4/2024,38285300-3330 Sundry Debt Stanbic,Trade Debtors,FIX TO DAY 1 BUCKET,0,38285300,Other Assets
38285350-3110,30/4/2024,38285350-3110 Sundry Debtors Steward Bank,Trade Debtors,FIX TO DAY 1 BUCKET,0,38285350,Other Assets
38285360-3111,30/4/2024,38285360-3111 Sun Drs Stop Ord Arrange,Other Assets,FIX TO 99 YEAR BUCKET,0,38285360,Other Assets
38285370-3108,30/4/2024,38285370-3108 Sun Drs-Succes MicrofiBnk,Other Assets,FIX TO 99 YEAR BUCKET,0,38285370,Other Assets
38285750-3112,30/4/2024,38285750-3112 VISA DEBTORS ACCOUNT,Trade Debtors,FIX TO DAY 1 BUCKET,0,38285750,Other Assets
38285800-0000,30/4/2024,38285800-0000 Sundry Drs-VisaCard Collt,Other Assets,FIX TO 99 YEAR BUCKET,0,38285800,Other Assets
38285900-3113,30/4/2024,38285900-3113 Sun Drs-VISA Nostro FCA,Other Assets,FIX TO 99 YEAR BUCKET,0,38285900,Other Assets
38289000-3410,30/4/2024,38289000-3410 Sundry Debt ZB Bldg Society,Trade Debtors,FIX TO DAY 1 BUCKET,0,38289000,Other Assets
38291000-3430,30/4/2024,38291000-3430 Sundry Debt Zimbank,Trade Debtors,FIX TO DAY 1 BUCKET,0,38291000,Other Assets
38292000-0000,30/4/2024,38292000-0000 Sun Drs-Zim WomMicrofiBnk,Trade Debtors,FIX TO DAY 1 BUCKET,0,38292000,Other Assets
38301000-0000,30/4/2024,38301000-0000 VISA & MasterCard Project,Other Assets,FIX TO 99 YEAR BUCKET,0,38301000,Other Assets
38302000-0816,30/4/2024,38302000-0816 ZB Bank NOSTRO SUNDRY DEBTOR,Other Assets,FIX TO DAY 1 BUCKET,0,38302000,Other Assets
38303000-0817,30/4/2024,38303000-0817 ZWMBANK NOSTRO SUNDRY DEBTOR,Other Assets,FIX TO DAY 1 BUCKET,0,38303000,Other Assets
38482800-2171,30/4/2024,38482800-2171 Accr Int - Bankers Acceptances,Dealing and investment,SPREAD ACROSS BUCKETS,0,38482800,Dealing and investment
38483000-3450,30/4/2024,38483000-3450 Bankers Acceptance (Asset),Dealing and investment,SPREAD ACROSS BUCKETS,0,38483000,Dealing and investment
39945805-0000,30/4/2024,39945805-0000 Prop Invest - VAT Output,Other Assets,FIX TO 99 YEAR BUCKET,0,39945805,Other Assets
39946000-3690,30/4/2024,39946000-3690 VAT Output,Other Assets,FIX TO 99 YEAR BUCKET,0,39946000,Other Assets
44281800-4150,30/4/2024,44281800-4150 Agents and Merchants Sundry Ac,Ordinary transactional deposits,FIX TO DAY 1 BUCKET,0,44281800,Ordinary transactional deposits
44281800-3890,30/4/2024,44281800-3890 Agents and Merchants Sundry Ac,Ordinary transactional deposits,FIX TO DAY 1 BUCKET,0,44281800,Ordinary transactional deposits
44281800-3990,30/4/2024,44281800-3990 Agents and Merchants Sundry Ac,Ordinary transactional deposits,FIX TO DAY 1 BUCKET,0,44281800,Ordinary transactional deposits
44281800-3910,30/4/2024,44281800-3910 Agents and Merchants Sundry Ac,Ordinary transactional deposits,FIX TO DAY 1 BUCKET,0,44281800,Ordinary transactional deposits
44281800-4170,30/4/2024,44281800-4170 Agents and Merchants Sundry Ac,Ordinary transactional deposits,FIX TO DAY 1 BUCKET,0,44281800,Ordinary transactional deposits
44281800-3930,30/4/2024,44281800-3930 Agents and Merchants Sundry Ac,Ordinary transactional deposits,FIX TO DAY 1 BUCKET,0,44281800,Ordinary transactional deposits
44283000-4250,30/4/2024,44283000-4250 Unalloc F/Assets Purch Ctrl,Other Assets,FIX TO 99 YEAR BUCKET,0,44283000,Other Assets
44283500-0000,30/4/2024,44283500-0000 Unauthorised Overdrawn Ac,Other Assets,FIX TO 99 YEAR BUCKET,0,44283500,Other Assets
44284000-4255,30/4/2024,44284000-4255 Unrecallable funds,Other Assets,FIX TO 99 YEAR BUCKET,0,44284000,Other Assets
44320000-4270,30/4/2024,44320000-4270 Zimswitch Ctrl,Other Assets,FIX TO 99 YEAR BUCKET,0,44320000,Other Assets
44340000-4275,30/4/2024,44340000-4275 Suspended Interest ZRP Hse Pro,Inventory WIP (Housing projects),FIX TO 99 YEAR BUCKET,0,44340000,Inventory WIP
45357500-4280,30/4/2024,45357500-4280 Rev Internal Accs Control,Other Liabilities,FIX TO 99 YEAR BUCKET,0,45357500,Trade creditors
45730000-4310,30/4/2024,45730000-4310 OM Group Funeral Plan Ctrl,Other Liabilities,FIX TO 99 YEAR BUCKET,0,45730000,Trade creditors
45732000-4330,30/4/2024,45732000-4330 Salaries Ctrl,Other Liabilities,FIX TO 99 YEAR BUCKET,0,45732000,Trade creditors
45734000-4350,30/4/2024,45734000-4350 Salaries Deduction Ctrl,Other Liabilities,FIX TO 99 YEAR BUCKET,0,45734000,Trade creditors
45743000-4370,30/4/2024,45743000-4370 Staff Medical Aid Fund Ctrl,Other Assets,FIX TO 99 YEAR BUCKET,0,45743000,Other Assets
45746000-4390,30/4/2024,45746000-4390 Staff PAYE Ctrl,Other Liabilities,FIX TO 99 YEAR BUCKET,0,45746000,Trade creditors
45748000-4410,30/4/2024,45748000-4410 Staff Pension Fund Ctrl,Other Liabilities,FIX TO 99 YEAR BUCKET,0,45748000,Trade creditors
45752000-4430,30/4/2024,45752000-4430 Staff Social Sec Fund Ctrl,Other Liabilities,FIX TO 99 YEAR BUCKET,0,45752000,Trade creditors
45754000-4450,30/4/2024,45754000-4450 Statutory Deductions Ctrl,Other Liabilities,FIX TO 99 YEAR BUCKET,0,45754000,Trade creditors
46428400-0000,30/4/2024,46428400-0000 Clearing - Fixed Assets-Boats,Other Assets,FIX TO 99 YEAR BUCKET,0,46428400,Other Assets
46428600-4459,30/4/2024,46428600-4459 Clearing F/Assets Comp Equip,Other Assets,FIX TO 99 YEAR BUCKET,0,46428600,Other Assets
46428650-0000,30/4/2024,46428650-0000 Clearing-FixAsset-Fix&Fit,Other Assets,FIX TO 99 YEAR BUCKET,0,46428650,Other Assets
46428700-0000,30/4/2024,46428700-0000 Clearing - Fixed Assets-Furniture & Equipment,Other Assets,FIX TO 99 YEAR BUCKET,0,46428700,Other Assets
46428800-0000,30/4/2024,46428800-0000 Clearing - Fixed Assets-Motor Vehicles,Other Assets,FIX TO 99 YEAR BUCKET,0,46428800,Other Assets
46429000-4470,30/4/2024,46429000-4470 Clearing F/Assets Purchases,Other Assets,FIX TO 99 YEAR BUCKET,0,46429000,Other Assets
46429170-0000,30/4/2024,46429170-0000 Fixed Assets Acquisitions-Boats,Other Assets,FIX TO 99 YEAR BUCKET,0,46429170,Other Assets
46429210-4490,30/4/2024,46429210-4490 F/Assets Acquisit Comp Equip,Other Assets,FIX TO 99 YEAR BUCKET,0,46429210,Other Assets
46429230-0000,30/4/2024,46429230-0000 Fixed AssetAcquis-Fix&Fit,Other Assets,FIX TO 99 YEAR BUCKET,0,46429230,Other Assets
46429250-4510,30/4/2024,46429250-4510 F/Assets Acquisit Furn & Equip,Other Assets,FIX TO 99 YEAR BUCKET,0,46429250,Other Assets
46429290-4530,30/4/2024,46429290-4530 F/Assets Acquisit House Boat,Other Assets,FIX TO 99 YEAR BUCKET,0,46429290,Other Assets
46429330-0000,30/4/2024,46429330-0000 Fixed Assets Acquisitions-Land & Buildings,Other Assets,FIX TO 99 YEAR BUCKET,0,46429330,Other Assets
46429350-0000,30/4/2024,46429350-0000 Fixed Assets Acquisitions-Land & Buildings-Own Occ,Other Assets,FIX TO 99 YEAR BUCKET,0,46429350,Other Assets
46429370-4590,30/4/2024,46429370-4590 F/Assets Acquisit M/Vehicles,Other Assets,FIX TO 99 YEAR BUCKET,0,46429370,Other Assets
46429450-4595,30/4/2024,46429450-4595 Fixed Assets Acq-Software,Other Assets,FIX TO 99 YEAR BUCKET,0,46429450,Other Assets
46429500-0000,30/4/2024,46429500-0000 POP Accrual Control,Other Liabilities,FIX TO 99 YEAR BUCKET,0,46429500,Trade creditors
46429700-0000,30/4/2024,46429700-0000 Sub Module Inter Co Clear,Other Assets,FIX TO 99 YEAR BUCKET,0,46429700,Other Assets
46430000-0000,30/4/2024,46430000-0000 System Control,Other Assets,FIX TO 99 YEAR BUCKET,0,46430000,Other Assets
46440000-4610,30/4/2024,46440000-4610 WHT System Offset Ctrl,Other Liabilities,FIX TO 99 YEAR BUCKET,0,46440000,Other Liabilities
47662500-0000,30/4/2024,47662500-0000 VAT Control,Other Liabilities,FIX TO 99 YEAR BUCKET,0,47662500,Other Liabilities
47667000-4630,30/4/2024,47667000-4630 WHT Overseas Remittances,Other Assets,FIX TO 99 YEAR BUCKET,0,47667000,Other Assets
48276500-0000,30/4/2024,48276500-0000 Intercompany Balances-BAL,Other Assets,FIX TO 99 YEAR BUCKET,0,48276500,Other Assets
10033000-0010,30/4/2024,10033000-0010 Share Capital ,Shareholders' Equity,FIX TO 99 YEAR BUCKET,0,10033000,Shareholders' Equity
10035900-0000,30/4/2024,10035900-0000 Share Capital,Share Capital,FIX TO 99 YEAR BUCKET,0,10035900,Share Capital
10036900-0000,30/4/2024,10036900-0000 Share Premium,Share Premium,FIX TO 99 YEAR BUCKET,0,10036900,Share Premium
10287000-0030,30/4/2024,10287000-0030 Deferred Interest on Non Performing Mortgage Loans,Mortgage Loans,SPREAD ACROSS BUCKETS,0,10287000,Mortgage Loans
10287500-0000,30/4/2024,10287500-0000 Def Int-NPLsMortNostroFCA,Mortgage Loans,SPREAD ACROSS BUCKETS,0,10287500,Mortgage Loans
10289500-0050,30/4/2024,10289500-0050 Equity Share Based Payments Reserve,Reserves,FIX TO 99 YEAR BUCKET,0,10289500,Reserves
10289700-0000,30/4/2024,10289700-0000 Foreign Currency Transl Res,Reserves,FIX TO 99 YEAR BUCKET,0,10289700,Reserves
10292000-0000,30/4/2024,10292000-0000 Non Distributable Reserves,Reserves,FIX TO 99 YEAR BUCKET,0,10292000,Reserves
10448900-0070,30/4/2024,10448900-0070 Retained Income,Reserves,FIX TO 99 YEAR BUCKET,0,10448900,Reserves
10616000-0000,30/4/2024,10616000-0000 Revaluation - Reserves,Reserves,FIX TO 99 YEAR BUCKET,0,10616000,Reserves
10623900-0000,30/4/2024,10623900-0000 Revaluation Surplus - Fixed Assets,Reserves,FIX TO 99 YEAR BUCKET,0,10623900,Reserves
11805400-0111,30/4/2024,11805400-0111 Agritrade Loan,Lines of credit,SPREAD ACROSS BUCKETS,0,11805400,Lines of credit
11805550-0142,30/4/2024,11805550-0142 Credit Lines - AFDB Loan,Lines of credit,SPREAD ACROSS BUCKETS,0,11805550,Lines of credit
11805570-0145,30/4/2024,11805570-0145 Credit Lines - Afreximbank,Lines of credit,SPREAD ACROSS BUCKETS,0,11805570,Lines of credit
48278000-0000,30/4/2024,48278000-0000 Intercompany Balance - CABS,Other Assets,FIX TO 99 YEAR BUCKET,0,48278000,Other Assets
48279000-0000,30/4/2024,48279000-0000 Intercompany Balances-CCP,Other Assets,FIX TO 99 YEAR BUCKET,0,48279000,Other Assets
48279050-0000,30/4/2024,48279050-0000 Intercompany Balances-CPE,Other Assets,FIX TO 99 YEAR BUCKET,0,48279050,Other Assets
48279100-0000,30/4/2024,48279100-0000 Intercompany Balances-DAT,Other Assets,FIX TO 99 YEAR BUCKET,0,48279100,Other Assets
48279200-0000,30/4/2024,48279200-0000 Intercompany Balances-EQF,Other Assets,FIX TO 99 YEAR BUCKET,0,48279200,Other Assets
48279400-0000,30/4/2024,48279400-0000 Intercompany Balances - FIN,Other Assets,FIX TO 99 YEAR BUCKET,0,48279400,Other Assets
48279500-0000,30/4/2024,48279500-0000 Intercompany Balances -Frittwe,Other Assets,FIX TO 99 YEAR BUCKET,0,48279500,Other Assets
48279600-0000,30/4/2024,48279600-0000 Intercompany Balances-GRS,Other Assets,FIX TO 99 YEAR BUCKET,0,48279600,Other Assets
48279650-4650,30/4/2024,48279650-4650 InterCo Bals IES,Other Assets,FIX TO 99 YEAR BUCKET,0,48279650,Other Assets
48279700-0000,30/4/2024,48279700-0000 Intercompany Balances-LCF,Other Assets,FIX TO 99 YEAR BUCKET,0,48279700,Other Assets
48280000-0000,30/4/2024,48280000-0000 Intercompany Balances-M & F,Other Assets,FIX TO 99 YEAR BUCKET,0,48280000,Other Assets
48280300-4670,30/4/2024,48280300-4670 InterCo Bals MIS,Other Assets,FIX TO 99 YEAR BUCKET,0,48280300,Other Assets
48280500-0000,30/4/2024,48280500-0000 Intercompany Balances-MMF,Other Assets,FIX TO 99 YEAR BUCKET,0,48280500,Other Assets
48281500-4690,30/4/2024,48281500-4690 InterCo Bals OM Fund Trust,Other Assets,FIX TO 99 YEAR BUCKET,0,48281500,Other Assets
48283000-0000,30/4/2024,48283000-0000 Intercompany Balances-OMAM,Other Assets,FIX TO 99 YEAR BUCKET,0,48283000,Other Assets
48284000-4710,30/4/2024,48284000-4710 InterCo Bals OMCUS,Other Assets,FIX TO 99 YEAR BUCKET,0,48284000,Other Assets
48285000-4730,30/4/2024,48285000-4730 InterCo Bals OMHL,Other Liabilities,FIX TO 99 YEAR BUCKET,0,48285000,Other Liabilities
48291800-4750,30/4/2024,48291800-4750 InterCo Bals OMIG,Other Assets,FIX TO 99 YEAR BUCKET,0,48291800,Other Assets
48292000-4770,30/4/2024,48292000-4770 InterCo Bals OMIGPI,Other Liabilities,FIX TO 99 YEAR BUCKET,0,48292000,Other Liabilities
48294000-4790,30/4/2024,48294000-4790 InterCo Bals OMLAC,Other Assets,FIX TO 99 YEAR BUCKET,0,48294000,Other Assets
48295000-0000,30/4/2024,48295000-0000 Intercompany Balances-OMLACSA,Other Liabilities,FIX TO 99 YEAR BUCKET,0,48295000,Other Liabilities
48297000-0000,30/4/2024,48297000-0000 Intercompany Balances - OMPIC,Other Assets,FIX TO 99 YEAR BUCKET,0,48297000,Other Assets
48298000-4810,30/4/2024,48298000-4810 InterCo Bals OMSEC,Other Assets,FIX TO 99 YEAR BUCKET,0,48298000,Other Assets
48299000-4830,30/4/2024,48299000-4830 InterCo Bals OMSS,Other Assets,FIX TO 99 YEAR BUCKET,0,48299000,Other Assets
48300000-0000,30/4/2024,48300000-0000 Intercompany Balances-OMUT,Other Assets,FIX TO 99 YEAR BUCKET,0,48300000,Other Assets
48302000-4850,30/4/2024,48302000-4850 InterCo Bals RMI,Other Liabilities,FIX TO 99 YEAR BUCKET,0,48302000,Other Liabilities
48302500-0000,30/4/2024,48302500-0000 Intercompany Balances-RMIH,Other Liabilities,FIX TO 99 YEAR BUCKET,0,48302500,Other Liabilities
48303500-0000,30/4/2024,48303500-0000 Intercompany Balances-SCF,Other Assets,FIX TO 99 YEAR BUCKET,0,48303500,Other Assets
48318174-0000,30/4/2024,48318174-0000 Prop Invest - Intercompany Balances - CABS,Other Liabilities,FIX TO 99 YEAR BUCKET,0,48318174,Other Liabilities
48318178-0000,30/4/2024,48318178-0000 Prop Invest - Intercompany Balances - OMIGPI,Other Assets,FIX TO 99 YEAR BUCKET,0,48318178,Other Assets
48318200-4860,30/4/2024,48318200-4860 Rental Prepayments CCP,Other Assets,FIX TO 99 YEAR BUCKET,0,48318200,Other Assets
48318300-4870,30/4/2024,48318300-4870 Rental Prepayments OMPIC,Other Assets,FIX TO 99 YEAR BUCKET,0,48318300,Other Assets
48318400-4880,30/4/2024,48318400-4880 Rental Prepayments - OMLAC,Other Assets,FIX TO 99 YEAR BUCKET,0,48318400,Other Assets
48595000-0000,30/4/2024,48595000-0000 Intercompany Debtors - M & F,Other Assets,FIX TO 99 YEAR BUCKET,0,48595000,Other Assets
11805600-0112,30/4/2024,11805600-0112 Credit Lines - Propaco Loan,Lines of credit,SPREAD ACROSS BUCKETS,0,11805600,Lines of credit
11805700-0110,30/4/2024,11805700-0110 Credit Lines - PTA Loan,Lines of credit,SPREAD ACROSS BUCKETS,0,11805700,Lines of credit
11805750-0130,30/4/2024,11805750-0130 Credit Lines-Shelter Afri Loan,Lines of credit,SPREAD ACROSS BUCKETS,0,11805750,Lines of credit
11805780-0140,30/4/2024,11805780-0140 Credit Lines - ZADT Loan,Lines of credit,SPREAD ACROSS BUCKETS,0,11805780,Lines of credit
11806500-0000,30/4/2024,11806500-0000 Nostro FCA - Offshore Loans,Business loans and Overdrafts,SPREAD ACROSS BUCKETS,0,11806500,Business loans and Overdrafts
14508000-0150,30/4/2024,14508000-0150 Liabilities on Guarantees,Other Liabilities,FIX TO 99 YEAR BUCKET,0,14508000,Other Assets
14509000-0170,30/4/2024,14509000-0170 Liabilities on Letters of Credits,Other Liabilities,FIX TO 99 YEAR BUCKET,0,14509000,Other Liabilities
14757000-0190,30/4/2024,14757000-0190 Government ATM Tax,Other Liabilities,FIX TO 99 YEAR BUCKET,0,14757000,Other Liabilities
14757100-0000,30/4/2024,14757100-0000 Government Tax,Other Liabilities,FIX TO 99 YEAR BUCKET,0,14757100,Other Assets
14764000-0210,30/4/2024,14764000-0210 Withholding Tax Liability,Other Liabilities,FIX TO 99 YEAR BUCKET,0,14764000,Other Liabilities
14785000-0215,30/4/2024,14785000-0215 W/holding Tax-Treasur Dep,Other Liabilities,FIX TO 99 YEAR BUCKET,0,14785000,Other Liabilities
15301500-0220,30/4/2024,15301500-0220 Mortgage HOC Premium,Other Liabilities,FIX TO 99 YEAR BUCKET,0,15301500,Trade creditors
15301600-0221,30/4/2024,15301600-0221 Mortgage Life Premium,Other Liabilities,FIX TO 99 YEAR BUCKET,0,15301600,Trade creditors
15301700-0222,30/4/2024,15301700-0222 Mortgage pension premium,Other Liabilities,FIX TO 99 YEAR BUCKET,0,15301700,Trade creditors
15301821-0228,30/4/2024,15301821-0228 Nostro Life Protect Susp Vehic,Other Liabilities,FIX TO 99 YEAR BUCKET,0,15301821,Trade creditors
16301000-0230,30/4/2024,16301000-0230 Accrued Expenses,Other Liabilities,FIX TO 99 YEAR BUCKET,0,16301000,Trade creditors
16301500-0045,30/4/2024,16301500-0045 Def ValfeesonMortNostFCA,Other Liabilities,FIX TO 99 YEAR BUCKET,0,16301500,Other Liabilities
16308800-0240,30/4/2024,16308800-0240 Penalty on 90days + CDI-RBZ,Other Liabilities,FIX TO 99 YEAR BUCKET,0,16308800,Other Liabilities
16310000-0000,30/4/2024,16310000-0000 Provision for Audit Fees,Other provisions,FIX TO 99 YEAR BUCKET,0,16310000,Other provisions
16311000-0250,30/4/2024,16311000-0250 Provision for Bad and Doubtful Debts,Other Liabilities,FIX TO 99 YEAR BUCKET,0,16311000,Other provisions
16311100-0000,30/4/2024,16311100-0000 Prov Bad Debts-BusLoans,Business loans and Overdrafts,SPREAD ACROSS BUCKETS,0,16311100,Business loans and Overdrafts
16311200-0000,30/4/2024,16311200-0000 Prov for Bad Debts CPS Lo,CPS loans,SPREAD ACROSS BUCKETS,0,16311200,CPS loans
16311400-0000,30/4/2024,16311400-0000 Prov for Bad Debts MortgB,Mortgage Loans,SPREAD ACROSS BUCKETS,0,16311400,Mortgage Loans
16311500-0251,30/4/2024,16311500-0251 Provision for Bad Debts on Rentals,Other Assets,FIX TO 99 YEAR BUCKET,0,16311500,Other Assets
16311700-0000,30/4/2024,16311700-0000 Prov for Bad Debts SME Lo,Business loans and Overdrafts,SPREAD ACROSS BUCKETS,0,16311700,Business loans and Overdrafts
16314000-0000,30/4/2024,16314000-0000 Prov-Defaulting Agents,Other provisions,FIX TO 99 YEAR BUCKET,0,16314000,Other provisions
16316000-0000,30/4/2024,16316000-0000 Provision for Deferred Tax,Other provisions,FIX TO 99 YEAR BUCKET,0,16316000,Other provisions
16338000-0254,30/4/2024,16338000-0254 Provision for Ordinary Savings Overdraft,Other Assets,FIX TO 99 YEAR BUCKET,0,16338000,Other Assets
16352000-0252,30/4/2024,16352000-0252 Provision for Staff Bonus,Other provisions,FIX TO 99 YEAR BUCKET,0,16352000,Other provisions
16354000-0000,30/4/2024,16354000-0000 Provision for Staff Leave,Other provisions,FIX TO 99 YEAR BUCKET,0,16354000,Other provisions
16368000-0270,30/4/2024,16368000-0270 Provisions & Accruals,Other provisions,FIX TO 99 YEAR BUCKET,0,16368000,Other provisions
16900800-0000,30/4/2024,16900800-0000 Deferred Commission Inc,Other Liabilities,FIX TO 99 YEAR BUCKET,0,16900800,Other Liabilities
16901300-0035,30/4/2024,16901300-0035 Def Int-Non-Perf BusLoans,Business loans and Overdrafts,SPREAD ACROSS BUCKETS,0,16901300,Business loans and Overdrafts
16901350-0000,30/4/2024,16901350-0000 Def Int-Non-Perf CPSLoans,CPS loans,SPREAD ACROSS BUCKETS,0,16901350,CPS loans
16902000-0000,30/4/2024,16902000-0000 Deferred Revenue on Loan Establishment Fee,Other Liabilities,FIX TO 99 YEAR BUCKET,0,16902000,Other Liabilities
16903000-0040,30/4/2024,16903000-0040 Deferred Valuation Fees on Mortgages,Other Liabilities,FIX TO 99 YEAR BUCKET,0,16903000,Other Liabilities
17517000-0000,30/4/2024,17517000-0000 Intercompany Creditors - OMHL,Other Liabilities,FIX TO 99 YEAR BUCKET,0,17517000,Trade creditors
17522000-0000,30/4/2024,17522000-0000 Intercompany Creditors - OMPIC,Other Liabilities,FIX TO 99 YEAR BUCKET,0,17522000,Trade creditors
17525000-0000,30/4/2024,17525000-0000 Intercompany Creditors - RMI,Other Liabilities,FIX TO 99 YEAR BUCKET,0,17525000,Other Liabilities
17526000-0000,30/4/2024,17526000-0000 Intercompany Creditors - RMIH,Other Liabilities,FIX TO 99 YEAR BUCKET,0,17526000,Trade creditors
18305000-0280,30/4/2024,18305000-0280 Regulatory Provisions Reserves,Reserves,FIX TO 99 YEAR BUCKET,0,18305000,Reserves
18501000-0330,30/4/2024,18501000-0330 Accounts Payable,Other Liabilities,FIX TO 99 YEAR BUCKET,0,18501000,Trade creditors
18502150-0335,30/4/2024,18502150-0335 Cheque Clearing suspense,Other Liabilities,FIX TO DAY 1 BUCKET,0,18502150,Cash and cash equivalents
18502160-0336,30/4/2024,18502160-0336 CPS Insurance Premiums,Other Liabilities,FIX TO 99 YEAR BUCKET,0,18502160,Trade creditors
18502170-2041,30/4/2024,18502170-2041 CPS Pool Repayments,CPS loans,SPREAD ACROSS BUCKETS,0,18502170,CPS loans
18502180-0346,30/4/2024,18502180-0346 Credit Advance Fee Suspense,Other Liabilities,FIX TO 99 YEAR BUCKET,0,18502180,Trade creditors
18502190-0347,30/4/2024,18502190-0347 Credit Arrangement Fee Suspens,Other Liabilities,FIX TO 99 YEAR BUCKET,0,18502190,Trade creditors
18502300-0337,30/4/2024,18502300-0337 Demonetisation control,Other Liabilities,FIX TO 99 YEAR BUCKET,0,18502300,Other Liabilities
18502500-0000,30/4/2024,18502500-0000 Dividends Payable,Other Liabilities,FIX TO 99 YEAR BUCKET,0,18502500,Trade creditors
18502550-0333,30/4/2024,18502550-0333 DSTV Subscriptions transit acc,Other Liabilities,FIX TO 99 YEAR BUCKET,0,18502550,Other Liabilities
18502650-0334,30/4/2024,18502650-0334 Ecocash Sund Cred - Zimswitch,Trade creditors,FIX TO DAY 1 BUCKET,0,18502650,Trade creditors
18502700-0000,30/4/2024,18502700-0000 EFT VISA&MasterCard Liab,Other Liabilities,FIX TO 99 YEAR BUCKET,0,18502700,Other Liabilities
18502900-0360,30/4/2024,18502900-0360 Export Incentive Suspense,Other Liabilities,FIX TO 99 YEAR BUCKET,0,18502900,Other Assets
18503100-0338,30/4/2024,18503100-0338 Flexi - Credit Card Payments,CPS loans,SPREAD ACROSS BUCKETS,0,18503100,CPS loans
18503200-0325,30/4/2024,18503200-0325 Nostro Sundry Creditors,Other Liabilities,FIX TO 99 YEAR BUCKET,0,18503200,Trade creditors
18503300-0341,30/4/2024,18503300-0341 IMTT Recoveries,Other Liabilities,FIX TO 99 YEAR BUCKET,0,18503300,Other Liabilities
18503400-0000,30/4/2024,18503400-0000 Income Tax,Other Liabilities,FIX TO 99 YEAR BUCKET,0,18503400,Other Assets
18503470-0000,30/4/2024,18503470-0000 Interfund - CAB with CUS,Other Liabilities,FIX TO 99 YEAR BUCKET,0,18503470,Other Liabilities
18503471-0000,30/4/2024,18503471-0000 Intefund- CUS with CABS,Other Liabilities,FIX TO 99 YEAR BUCKET,0,18503471,Other Liabilities
18503600-0000,30/4/2024,18503600-0000 Lease Liability,Other Liabilities,FIX TO 99 YEAR BUCKET,0,18503600,Other Liabilities
18503850-0339,30/4/2024,18503850-0339 Lion Finance POS Sun Cred,Trade creditors,FIX TO DAY 1 BUCKET,0,18503850,Trade creditors
18504300-0332,30/4/2024,18504300-0332 Merchant POS Suspense,Ordinary transactional deposits,FIX TO DAY 1 BUCKET,0,18504300,Ordinary transactional deposits
18504500-0340,30/4/2024,18504500-0340 Mortgage Legal Creditors,Other Liabilities,FIX TO 99 YEAR BUCKET,0,18504500,Trade creditors
18505380-0328,30/4/2024,18505380-0328 Nostro Debt Redemption suspens,Other Assets,FIX TO DAY 1 BUCKET,0,18505380,Nostro Transactional Accounts
18505400-0348,30/4/2024,18505400-0348 Nostro Merchant POS Suspense,Deposits – Retail and Corporate,FIX TO DAY 1 BUCKET,0,18505400,Nostro Transactional Accounts
18505490-0812,30/4/2024,18505490-0812 Nostro Unclaimed Monies,Other Liabilities,FIX TO 99 YEAR BUCKET,0,18505490,Other Liabilities
18506500-0342,30/4/2024,18506500-0342 Personal Loans Insur Prem,Other Liabilities,FIX TO 99 YEAR BUCKET,0,18506500,Trade creditors
18508440-0000,30/4/2024,18508440-0000 Provision for Legacy Debt,Legacy debts - Money at call,FIX TO 99 YEAR BUCKET,0,18508440,Legacy debts - Money at call
18509300-0343,30/4/2024,18509300-0343 Scheme Card Revenue Suspense,Ordinary transactional deposits,FIX TO DAY 1 BUCKET,0,18509300,Ordinary transactional deposits
18509500-0000,30/4/2024,18509500-0000 Share Based Payments,Reserves,FIX TO 99 YEAR BUCKET,0,18509500,Reserves
18509600-0345,30/4/2024,18509600-0345 Stale Cheques,Other Liabilities,FIX TO 99 YEAR BUCKET,0,18509600,Other Liabilities
18510000-0350,30/4/2024,18510000-0350 Sundry Creditors,Other Liabilities,FIX TO 99 YEAR BUCKET,0,18510000,Other Liabilities
18510400-0366,30/4/2024,18510400-0366 Sundry Cred-AFDB AFAWA Grant,Other Liabilities,FIX TO 99 YEAR BUCKET,0,18510400,Other Liabilities
18510500-0370,30/4/2024,18510500-0370 Sundry Creditors - Agritrade Capital,Other Liabilities,FIX TO 99 YEAR BUCKET,0,18510500,Trade creditors
18510520-0000,30/4/2024,18510520-0000 Sundry Crs-Bambanhas Bill,Other Liabilities,FIX TO 99 YEAR BUCKET,0,18510520,Trade creditors
18510530-0385,30/4/2024,18510530-0385 Sundry Crs-Electrificatn,Other Liabilities,FIX TO 99 YEAR BUCKET,0,18510530,Trade creditors
18510540-0380,30/4/2024,18510540-0380 Sundry Crs-Cash Bill Payments,Other Liabilities,FIX TO 99 YEAR BUCKET,0,18510540,Trade creditors
18510541-0400,30/4/2024,18510541-0400 Nostro Sund Cred Zol Bill Pymt,Other Liabilities,FIX TO 99 YEAR BUCKET,0,18510541,Other Liabilities
18510550-0390,30/4/2024,18510550-0390 Sundry Creditors - Cimas,Other Liabilities,FIX TO 99 YEAR BUCKET,0,18510550,Trade creditors
18510580-0000,30/4/2024,18510580-0000 Sundry Crs-City of Byo,Other Liabilities,FIX TO 99 YEAR BUCKET,0,18510580,Trade creditors
18510600-0410,30/4/2024,18510600-0410 Sundry Creditors - City of Gweru,Other Liabilities,FIX TO 99 YEAR BUCKET,0,18510600,Trade creditors
18510700-0430,30/4/2024,18510700-0430 Sundry Creditors - City of Harare,Other Liabilities,FIX TO 99 YEAR BUCKET,0,18510700,Trade creditors
18510750-0000,30/4/2024,18510750-0000 Sundry Crs-City of Hre LD,Other Liabilities,FIX TO 99 YEAR BUCKET,0,18510750,Trade creditors
18510780-0000,30/4/2024,18510780-0000 Sundry Crs-Credifin Bill ,Other Liabilities,FIX TO 99 YEAR BUCKET,0,18510780,Trade creditors
18510800-0450,30/4/2024,18510800-0450 Sundry Creditors - Credit Lines-AECF,Other Liabilities,FIX TO 99 YEAR BUCKET,0,18510800,Trade creditors
18511200-0000,30/4/2024,18511200-0000 Sundry Crs-DSTV Bill Pmt,Other Liabilities,FIX TO 99 YEAR BUCKET,0,18511200,Trade creditors
18511250-0460,30/4/2024,18511250-0460 Sundry Creditors - Ecocash Wallet,Other Liabilities,FIX TO 99 YEAR BUCKET,0,18511250,Trade creditors
18511300-0470,30/4/2024,18511300-0470 Sundry Creditors - Econet,Other Liabilities,FIX TO 99 YEAR BUCKET,0,18511300,Trade creditors
18511330-0490,30/4/2024,18511330-0490 Sundry Creditors - Econet Bill Payments,Other Liabilities,FIX TO 99 YEAR BUCKET,0,18511330,Trade creditors
18511350-0510,30/4/2024,18511350-0510 Sundry Creditors - Econet Vouchers,Other Liabilities,FIX TO 99 YEAR BUCKET,0,18511350,Trade creditors
18511400-0520,30/4/2024,18511400-0520 Sundry Cred - Empower Bank,Trade creditors,FIX TO DAY 1 BUCKET,0,18511400,Trade creditors
18511500-0555,30/4/2024,18511500-0555 Sundry Creditors - FBC One Money,Trade creditors,FIX TO DAY 1 BUCKET,0,18511500,Trade creditors
18512500-0000,30/4/2024,18512500-0000 Sundry Crs-GOTV Bill Pmt,Other Liabilities,FIX TO 99 YEAR BUCKET,0,18512500,Trade creditors
18512800-0000,30/4/2024,18512800-0000 Sun Drs-Housing Sale,Other Assets,FIX TO 99 YEAR BUCKET,0,18512800,Other Assets
18803650-0932,30/4/2024,18803650-0932 Nostro Call Deposits Takings,Wholesale deposits,SPREAD ACROSS BUCKETS,0,18803650,Wholesale deposits
18804500-0955,30/4/2024,18804500-0955 Nostro Savings Certificate Tak,Wholesale deposits,SPREAD ACROSS BUCKETS,0,18804500,Wholesale deposits
32530950-2455,30/4/2024,32530950-2455 Nostro Cash with Tell Mashonaland,Cash Balances,FIX TO DAY 1 BUCKET,0,32530950,Cash Balances
32531050-2475,30/4/2024,32531050-2475 Nostro Cash with Tell Matabeleland,Cash Balances,FIX TO DAY 1 BUCKET,0,32531050,Cash Balances
44276200-3781,30/4/2024,44276200-3781 Nostro ATM Cash Balances,Cash Balances,FIX TO DAY 1 BUCKET,0,44276200,Cash Balances
32530800-2515,30/4/2024,32530800-2515 Nostro Cash with Tell Gweru,Cash Balances,FIX TO DAY 1 BUCKET,0,32530800,Cash Balances
32530850-2535,30/4/2024,32530850-2535 Nostro Cash with Tell Kwekwe,Cash Balances,FIX TO DAY 1 BUCKET,0,32530850,Cash Balances
32530900-2495,30/4/2024,32530900-2495 Nostro Cash with Tell Manicaland,Cash Balances,FIX TO DAY 1 BUCKET,0,32530900,Cash Balances
32531000-2555,30/4/2024,32531000-2555 Nostro Cash with Tell Masvingo,Cash Balances,FIX TO DAY 1 BUCKET,0,32531000,Cash Balances
38259200-2912,30/4/2024,38259200-2912 Nostro Petty Cash,Cash Balances,FIX TO DAY 1 BUCKET,0,38259200,Cash Balances
41053520-3715,30/4/2024,41053520-3715 Nostro Cash In Transit,Cash Balances,FIX TO DAY 1 BUCKET,0,41053520,Cash Balances
31941300-2449,30/4/2024,31941300-2449 Cash at Bank - Afrexim Collect,Bank Balances,FIX TO DAY 1 BUCKET,0,31941300,Bank Balances
31941400-2438,30/4/2024,31941400-2438 Cash at Bank - Afrexim Coll ZETD,Bank Balances,FIX TO DAY 1 BUCKET,0,31941400,Bank Balances
31946050-2447,30/4/2024,31946050-2447 Cash at Bank - Bidvest31500000928,Bank Balances,FIX TO DAY 1 BUCKET,0,31946050,Bank Balances
32125000-3722,30/4/2024,32125000-3722 Bank - VFEX Nostro Collateral Account,Bank Balances,FIX TO DAY 1 BUCKET,0,32125000,Bank Balances
37944600-2873,30/4/2024,37944600-2873 Statutory Reserves USD,Statutory Reserves,FIX TO 99 YEAR BUCKET,0,37944600,Statutory Reserves
37944400-2871,30/4/2024,37944400-2871 Statutory Reserves BWP,Statutory Reserves,FIX TO 99 YEAR BUCKET,0,37944400,Statutory Reserves
37944500-2872,30/4/2024,37944500-2872 Statutory Reserves EUR,Statutory Reserves,FIX TO 99 YEAR BUCKET,0,37944500,Statutory Reserves
37944700-2874,30/4/2024,37944700-2874 Statutory Reserves ZAR,Statutory Reserves,FIX TO 99 YEAR BUCKET,0,37944700,Statutory Reserves
16308700-0255,30/4/2024,16308700-0255 Nostro Provision for Ordinary Overdraft,Other Assets,FIX TO 99 YEAR BUCKET,0,16308700,Other Assets
33714500-2592,30/4/2024,33714500-2592 Nostro Accrued Interest Rental,Other Assets,FIX TO 99 YEAR BUCKET,0,33714500,Other Assets
38306600-3495,30/4/2024,38306600-3495 Innbucks Nostro Sundry Debtor,Other Assets,FIX TO 99 YEAR BUCKET,0,38306600,Other Assets
44276050-4156,30/4/2024,44276050-4156 Nostro AA Takeover Suspense,Other Assets,FIX TO 99 YEAR BUCKET,0,44276050,Other Assets
44276100-3839,30/4/2024,44276100-3839 Nostro Agency Charges Suspense,Other Assets,FIX TO 99 YEAR BUCKET,0,44276100,Other Assets
44276370-4176,30/4/2024,44276370-4176 Nostro Omari Suspense Accounts,Other Assets,FIX TO 99 YEAR BUCKET,0,44276370,Other Assets
44276390-4152,30/4/2024,44276390-4152 Nostro Suspense Others,Other Assets,FIX TO 99 YEAR BUCKET,0,44276390,Other Assets
44276400-4172,30/4/2024,44276400-4172 Nostro VMC Charge Back Suspense,Other Assets,FIX TO 99 YEAR BUCKET,0,44276400,Other Assets
44280900-3920,30/4/2024,44280900-3920 SendiFast Local MTA Account,Other Assets,FIX TO 99 YEAR BUCKET,0,44280900,Other Assets
44286000-4275,30/4/2024,44286000-4275 Nostro ZEEPAY Control Account,Other Assets,FIX TO 99 YEAR BUCKET,0,44286000,Other Assets
47661500-4632,30/4/2024,47661500-4632 Nostro WHT Overseas Remittances,Other Assets,FIX TO 99 YEAR BUCKET,0,47661500,Other Assets
18803600-1015,30/4/2024,18803600-1015 Nostro Blue Savings Control,Savings Deposits- Retail,FIX TO DAY 1 BUCKET,0,18803600,Ordinary savings deposits
18702700-0912,30/4/2024,18702700-0912 Nostro Accr Interest Savings,Savings Deposits- Retail,FIX TO DAY 1 BUCKET,0,18702700,Ordinary savings deposits
16903500-0042,30/4/2024,16903500-0042 Nostro Deferred Valuation fees - Mortgages,Other Liabilities,FIX TO 99 YEAR BUCKET,0,16903500,Other Liabilities
18803750-0192,30/4/2024,18803750-0192  Nostro Government ATM Tax,Other Liabilities,FIX TO 99 YEAR BUCKET,0,18803750,Other Liabilities
15301810-0225,30/4/2024,15301810-0225 Nostro Mortgage HOC Premium,Other Liabilities,FIX TO 99 YEAR BUCKET,0,15301810,Other Liabilities
15301820-0226,30/4/2024,15301820-0226 Nostro Mortgage Life Premium,Other Liabilities,FIX TO 99 YEAR BUCKET,0,15301820,Other Liabilities
15301830-0227,30/4/2024,15301830-0227 Nostro Mortgage Pension Premium,Other Liabilities,FIX TO 99 YEAR BUCKET,0,15301830,Other Liabilities
18505470-0352,30/4/2024,18505470-0352 Nostro Stale Cheques,Other Liabilities,FIX TO 99 YEAR BUCKET,0,18505470,Other Liabilities
18505480-0772,30/4/2024,18505480-0772 Nostro Tell Short/Over Investigate,Other Liabilities,FIX TO 99 YEAR BUCKET,0,18505480,Other Liabilities
35338000-2626,30/4/2024,35338000-2626 Nostro Remittance Incentive Suspense,Other Liabilities,FIX TO 99 YEAR BUCKET,0,35338000,Other Liabilities
38258350-2903,30/4/2024,38258350-2903 Sundry Cred-Nostro Money Market ,Other Liabilities,FIX TO 99 YEAR BUCKET,0,38258350,Other Liabilities
44276150-3841,30/4/2024,44276150-3841 Nostro Application fees Suspen,Other Liabilities,FIX TO 99 YEAR BUCKET,0,44276150,Other Liabilities
45352500-4282,30/4/2024,45352500-4282 Nostro Revenue Internal Account,Other Liabilities,FIX TO 99 YEAR BUCKET,0,45352500,Other Liabilities
45728500-4332,30/4/2024,45728500-4332 Nostro Salaries Control,Other Liabilities,FIX TO 99 YEAR BUCKET,0,45728500,Other Liabilities
48295000-4856,30/4/2024,48295000-4856 Interco Bals - OMLAC(SA),Other Liabilities,FIX TO 99 YEAR BUCKET,0,48295000,Other Liabilities
1010101-A6,30/4/2024,1010101-A6 Nostro Mortgage Protecion,Other Assets,FIX TO 99 YEAR BUCKET,0,1010101,Other Assets
1010102-L1,30/4/2024,1010102-L1 Nostro Merchant POS 2 Suspense,Deposits – Retail and Corporate,FIX TO DAY 1 BUCKET,0,1010102,Nostro Transactional Accounts
1010103-L3,30/4/2024,1010103-L3 OMLACSA Liab Schedule,Other Liabilities,FIX TO 99 YEAR BUCKET,0,1010103,Other Liabilities
1010103-L5,30/4/2024,1010103-L5 IFRS 16 - Right Of Use Of Asset -,Other Liabilities,FIX TO 99 YEAR BUCKET,0,1010103,Other Liabilities
1010103-L6,30/4/2024,1010103-L6 Intercompany - Payables-Bank-Old Mutual Zimbabwe ,Other Liabilities,FIX TO 99 YEAR BUCKET,0,1010103,Other Liabilities
1010103-L7,30/4/2024,1010103-L7 Interfund Account-Bank-Old Mutual Life Assurance Company (South Africa),Other Liabilities,FIX TO 99 YEAR BUCKET,0,1010103,Other Liabilities
1010103-L9,30/4/2024,1010103-L9 IMTT Tax Computation,Other Liabilities,FIX TO 99 YEAR BUCKET,0,1010103,Other Liabilities
1010103-L10,30/4/2024,1010103-L10 Non Banking Assets Provisions,Other Liabilities,FIX TO 99 YEAR BUCKET,0,1010103,Other Liabilities
1010103-L11,30/4/2024,1010103-L11 Banking Assets Provisions - IFRS9,Other Liabilities,FIX TO 99 YEAR BUCKET,0,1010103,Other Liabilities
1010103-L12,30/4/2024,1010103-L12 FX Creditors Schedule,Other Liabilities,FIX TO 99 YEAR BUCKET,0,1010103,Other Liabilities
1010103-L13,30/4/2024,1010103-L13 Accounts in credit,Other Liabilities,FIX TO 99 YEAR BUCKET,0,1010103,Other Liabilities
1010101-A1,30/4/2024,1010101-A1 Bank - CABS USD FCA 1125820853,Bank Balances,FIX TO DAY 1 BUCKET,0,1010101,Bank Balances
1010101-A2,30/4/2024,1010101-A2 Bank - CABS USD CLAIMS  1149598867,Bank Balances,FIX TO DAY 1 BUCKET,0,1010101,Bank Balances
1010101-A3,30/4/2024,1010101-A3 Bank - CABS USD FCA 1125820853,Bank Balances,FIX TO DAY 1 BUCKET,0,1010101,Bank Balances
38259100-2892,30/4/2024,38252000-2890 Nostro Centralised Frauds Control,Other Assets,FIX TO 99 YEAR BUCKET,0,38259100,Other Assets
1010101-L1,30/4/2024,1010101-L1 Nostro Merchand POS2 Suspence,Deposits – Retail and Corporate,FIX TO DAY 1 BUCKET,0,1010101-L1,Nostro Transactional Accounts
11805580-0146,30/4/2024,11805580-0146 Credit Line-EIB,Lines of credit,SPREAD ACROSS BUCKETS,Y,11805580,Lines of credit
27880600-2049,30/4/2024,27888600-2049 Motor Vehicles FCA Loans,Loans,SPREAD ACROSS BUCKETS,0,27867500,Business loans and Overdrafts
Conse,19/5/2006,Kieran Sherman,Quam,Illo,S,Dolor,Labor
